 Gene,Study of Origin,Sample ID,Cancer Type,Cancer Type Detailed,Protein Change,Annotation,Custom Driver,Custom Driver Tiers,Functional Impact,Mutation Type,Variant Type,Copy #,MS,VS,Center,Chromosome,Start Pos,End Pos,Ref,Var,HGVSg,HGVSc,Allele Freq (T),Allele Freq (N),Variant Reads,Ref Reads,Variant Reads (Normal),Ref Reads (Normal),# Mut in Sample,Exon,gnomAD,ClinVar,dbSNP,SIGNAL,Diagnosis Age,Age at Diagnosis,Age Group at Diagnosis in Years,Diagnosis Age (days),Neoplasm Disease Stage American Joint Committee on Cancer Code,Neoplasm American Joint Committee on Cancer Clinical Distant Metastasis M Stage,American Joint Committee on Cancer Metastasis Stage Code,American Joint Committee on Cancer Lymph Node Stage Code.1,American Joint Committee on Cancer Lymph Node Stage Code,Neoplasm Disease Lymph Node Stage American Joint Committee on Cancer Code,Neoplasm Disease Stage American Joint Committee on Cancer Code,American Joint Committee on Cancer Publication Version Type,American Joint Committee on Cancer Tumor Stage Code,All Mutations,All Synonymous Mutations,Analysis Cohort,Aneuploidy Score,Biopsy Site,BMI,BMI Category,Buffa Hypoxia Score,Cancer Tissue,TCGA PanCanAtlas Cancer Type Acronym,Cancer Type Detailed,Cause of Death,Cell Membrane PDL1 0%,Cell Membrane PDL1 1%+,Cell Membrane PDL1 2%+,Cell Membrane PDL1 3%+,Clinical Benefit,Neoplasm American Joint Committee on Cancer Clinical Group Stage,AJCC Clinical M-Stage,Neoplasm American Joint Committee on Cancer Clinical Regional Lymph Node N Stage,Neoplasm American Joint Committee on Cancer Clinical Primary Tumor T Stage,Cohort,Cohort Category,Study Center Country,CTA/Self-Antigen Count,Last Communication Contact from Initial Pathologic Diagnosis Date,Birth from Initial Pathologic Diagnosis Date,Days to Sample Collection.,Death from Initial Pathologic Diagnosis Date,Time To Event (days),Last Alive Less Initial Pathologic Diagnosis Date Calculated Day Value,Days to Sample Procurement,Disease Free (Months),Disease Free Status,Disease code,Disease Type,Drug,Months of disease-specific survival,Disease-specific Survival status,Performance Status,ERV Neoantigen Count,Erythrocyte sedimentation rate,Ethnicity Category,Event Type,Lymphomatous Extranodal Site Involvement Indicator,FFPE Fuhrman Grade,First Event,First Line Therapy,Follow up time months,Form completion date,Fraction Genome Altered,FrameShift Indels,Fuhrman Grade,Fusion Neoantigen Count,Genetic Ancestry Label,Gene Expression Cluster,Gene Panel,Genome Doublings,Genomically Defined Group,Neoplasm Histologic Grade,Other Cancer,Other Kidney Condition,Patient Height,Hemoglobin level,Neoplasm Histologic Type Name,Histological Type,Histology,Histology Classification in Primary Tumor,Neoadjuvant Therapy Type Administered Prior To Resection Text,Prior Cancer Diagnosis Occurence,ICD-0-3-T,ICD-10 Classification,"International Classification of Diseases for Oncology, Third Edition ICD-O-3 Histology Code","International Classification of Diseases for Oncology, Third Edition ICD-O-3 Site Code",ICI Pathway,ICI Drug,ICI Drug Target,Idh level,Immune Subtype,Response to Immunotherapy,InDel Neoantigen Count,Informed consent verified,Year Cancer Initial Diagnosis,In PanCan Pathway Analysis,Is FFPE,Karnofsky Performance Score,Last Communication Contact,Last Status,Primary Tumor Laterality,Leibovich Risk Group,Leibovich Score,Local Recurrence,Local Recurrence (months),Longest Dimension,Primary Lymph Node Presentation Assessment Ind-3,Lymph nodes examined positive,Lymph Node(s) Examined Number,Max Tumor Change,Metastasis,Metastasized,Metastatic Site,First Pathologic Diagnosis Biospecimen Acquisition Method Type,Morphology,MSI MANTIS Score,MSIsensor Score,Mutations Clonal,Mutations Subclonal,Mutations Uneval,Necrosis,Nephrectomy Type,New Neoplasm Event Post Initial Therapy Indicator,Nonsynonymous Mutation Count,Nonsynonymous Clonal,NonSynonymous Subclonal,NonSynonymous Uneval,Non ICI Rx,Normal location,Oct embedded,Oncotree Code,Overall Survival Censor,Overall Survival Days,Overall Survival (Months),Overall Survival Status,Specimen Collection Method,Other Patient ID,Other Sample ID,Pathology Report File Name,Pathology report uuid,Pathology Cancer Maximum Dimension (cm),Disease Surgical Margin Status,American Joint Committee on Cancer Metastasis Stage Code,Neoplasm Disease Lymph Node Stage American Joint Committee on Cancer Code,AJCC Pathologic Stage,American Joint Committee on Cancer Tumor Stage Code,Patient Death Reason,PDL1 Positive 1%,PDL1 Positive 5%,Performance Status Assessment Timepoint Category,Person Neoplasm Cancer Status,Progression Free Censor,Progress Free Survival (Months),Progression Free Status,Platelet count,Platform,Ploidy,Primary Diagnosis,Primary Lymph Node Presentation Assessment,Primary Tumor Site,Patient Primary Tumor Site,Prior Diagnosis,Prior Malignancy,Prior Treatment,Progression,Project code,Project Identifier,Project Name,Project State,Tissue Prospective Collection Indicator,Protocol,Purity,Race Category,Radiation Therapy,Did patient start adjuvant postoperative radiotherapy?,Ragnum Hypoxia Score,RCC Specific Survival (Months),RCC Related Death,RCC Specific Survival,RECIST,Relapse,Responder,Response,Tissue Retrospective Collection Indicator,Rhabdoid or Sarcomatoid Changes,Number of Samples Per Patient,Sample Initial Weight,Sample Treatment,Sample Type,Sample type id,Sarcomatoid Component,Sarcomatoid features,Sarcomatoid percent of tumor,Sequencing Type,Serum calcium level,Sex,Shortest Dimension,Tumor Tissue Site,Years Smoked,Person Cigarette Smoking History Pack Year Value,Started Smoking Year,Stopped Smoking Year,SNV Neoantigen Count,Somatic Status,Specimen Current Weight,Specimen Freezing Means,Specimen Second Longest Dimension,Specimen Type,Splice Neoantigen Count,Stage,"Stage At Diagnosis ",Metastasis (TNM) Stage,Nodal (TNM) Stage,Stage Other,Pathological Tumor (TNM) Stage,Pathological Tumor Stage Category,Subtype,Adjuvant Postoperative Targeted Therapy Administered Indicator,Tumor Break Load,Tide No Benefits,Tide Responder,Time between clamping and freezing,Time between excision and freezing,Time to Last Followup,Time to Metastasis (months),Tissue Prospective Collection Indicator,Tissue Retrospective Collection Indicator,Tissue Source Site,Tissue Source Site Code,TMB (nonsynonymous),TNM Stage,Patient Smoking History Category,Smoking Status,Treatment Group,Primary Therapy Outcome Success Type,Tumor Content,Tumor Site,Pathological Tumor Size (mm),Person Neoplasm Status,Tumor Disease Anatomic Site,Tumor Type,VHL Mutation Status,VHL Mutation (AA),VHL Mutation (Codon),Vial number,Viral Neoantigen Count,Patient's Vital Status,WBC,Patient Weight,Winter Hypoxia Score,Year of Diagnosis,Neoantigen Peptide,Neoantigen Hla_allele,Neoantigen Presentation_score_mhcflurry,Neoantigen Binding_affinity_nm_mhcflurry
APC,"Renal Clear Cell Carcinoma (TCGA GDC, 2025)",TCGA-B0-5098-01,Renal Clear Cell Carcinoma,Renal Clear Cell Carcinoma,R1687Tfs*13,"OncoKB: Likely Oncogenic, level NA, resistance NA;CIViC: NA;CancerHotspot: no;3DHotspot: no",,,MutationAssessor: NA;SIFT: NA;Polyphen-2: NA;AlphaMissense: NA,Frame_Shift_Ins,INS,Diploid,Somatic,NA,BI,5,112840647,112840648,-,A,5:g.112840647_112840648insA,,0.27,,23,61,,,557,,,,,,53,,,,,,,,,,,,,,,,,Kidney,,,,,,,,,,,,,,,,,,,,,,-19620,,1584,,,,,,,Kidney Clear Cell Renal Carcinoma,,,,,,,NOT HISPANIC OR LATINO,,,,,,,,0.2203,,,,,,,,,,,,,,,,,,,,,C64.9,,,,,,,,,,,,,NO,,,,,,,,,,,,,,,,,,8310/3,,,,,,,,,,,,,,,,CCRCC,,,52.03679369250985,1:DECEASED,,3be0bc1d-d81f-4769-b650-8cc8858e45db,813689a4-0413-4ee8-a5ba-79439710bbdb,,,,,M0,NX,Stage I,T1,,,,,,,,,,,,Kidney Clear Cell Renal Carcinoma,,,Kidney,,False,False,,,TCGA-KIRC,Renal Clear Cell Carcinoma,released,,,,BLACK OR AFRICAN AMERICAN,,,,,,,,,,,,,1,,,Primary Tumor,1,,,,,,Female,,,,,,,,,,,,,,,,,,,,,,,,,,,,,,,,,,18.533333333333335,,,,,,,,,,,,,,,,,Dead,,,,1998,,,,
APC,"Renal Clear Cell Carcinoma (TCGA GDC, 2025)",TCGA-B2-5635-01,Renal Clear Cell Carcinoma,Renal Clear Cell Carcinoma,I1304Kfs*2,"OncoKB: Likely Oncogenic, level NA, resistance NA;CIViC: NA;CancerHotspot: no;3DHotspot: no",,,MutationAssessor: NA;SIFT: NA;Polyphen-2: NA;AlphaMissense: NA,Frame_Shift_Del,DEL,Gain,Somatic,NA,BCM,5,112839500,112839506,GCAAATA,-,5:g.112839500_112839506del,,0.17,,34,168,,,58,,,,,,74,,,,,,,,,,,,,,,,,Kidney,,,,,,,,,,,,,,,,,,,,,315,-27183,,,,,,,,,Kidney Clear Cell Renal Carcinoma,,,,,,,NOT HISPANIC OR LATINO,,,,,,,,0.0917,,,,,,,,,,,,,,,,,,,,,C64.9,,,,,,,,,,,,,NO,,,,,,,,,,,,,,,,,,8310/3,,,,,,,,,,,,,,,,CCRCC,,,24.802890932982915,0:LIVING,,597c81a3-5820-48b0-9a9c-c45257c7ad70,c9dfd305-36f1-48ab-b3dc-aa55df14071f,,,,,M0,NX,Stage I,T1a,,,,,,,,,,,,Kidney Clear Cell Renal Carcinoma,,,Kidney,,True,False,,,TCGA-KIRC,Renal Clear Cell Carcinoma,released,,,,WHITE,,,,,,,,,,,,,1,,,Primary Tumor,1,,,,,,Male,,,,,,,,,,,,,,,,,,,,,,,,,,,,,,,,,,3.3333333333333335,,,,,,,,,,,,,,,,,Alive,,,,2010,,,,
APC,"Kidney Chromophobe (TCGA, Firehose Legacy)",TCGA-KL-8341-01,Renal Cell Carcinoma,Chromophobe Renal Cell Carcinoma,E425Gfs*4,"OncoKB: Likely Oncogenic, level NA, resistance NA;CIViC: NA;CancerHotspot: no;3DHotspot: no",,,MutationAssessor: NA;SIFT: NA;Polyphen-2: NA;AlphaMissense: NA,Frame_Shift_Ins,INS,Diploid,Somatic,Untested,broad.mit.edu,5,112155000,112155001,-,G,5:g.112155000_112155001insG,ENST00000257430.4:c.1273dup,,,,,,,113,10/16,,,,,41,,,,,,M0,,,N2,Stage IV,6th,T3b,,,,,,,,,,,,,,,,,,,,,,,,,,,,,,,0,,20.24,1:Recurred/Progressed,,,,,,,,,,,,,,,,7/24/12,0.7694,,,,,,,,,,,,,Low,Kidney Chromophobe,,,,No,No,,C64.9,8317/3,C64.9,,,,,,,,YES,2006,,NO,,,,Left,,,,,2,YES,2,30,,,,,,,,,,,,,,YES,,,,,,,,CHRCC,,,24.77,1:DECEASED,,70e306ee-9584-49d6-81a1-a49d837ab6aa,edf08a41-2ad2-4d1a-b567-5be518a33469,TCGA-KL-8341.1db5a796-25f1-4a8c-b88c-08b5391ffe1e.pdf,1db5a796-25f1-4a8c-b88c-08b5391ffe1e,,,,,,,,,,,,,,,Normal,,,,,,,,,,,,,,,NO,,,ASIAN,,NO,,,,,,,,,YES,,1,,,Primary,1,,,,,Low,Male,0.5,Kidney,,10,1986,2006,,Matched,,,1.5,,,,,,,,,,,YES,,,,,,,,,,KL,,3.8,,4,,,,,,,WITH TUMOR,,,,,,A,,,Normal,,,,,,,
APC,"Kidney Renal Clear Cell Carcinoma (TCGA, Firehose Legacy)",TCGA-B0-5098-01,Renal Cell Carcinoma,Renal Clear Cell Carcinoma,R1687Tfs*13,"OncoKB: Likely Oncogenic, level NA, resistance NA;CIViC: NA;CancerHotspot: no;3DHotspot: no",,,MutationAssessor: NA;SIFT: NA;Polyphen-2: NA;AlphaMissense: NA,Frame_Shift_Ins,INS,Diploid,Somatic,Untested,broad.mit.edu,5,112176344,112176345,-,A,5:g.112176344_112176345insA,ENST00000257430.4:c.5058dup,,,,,,,653,16/16,,Pathogenic,,,53,,,,,,M0,,,NX,Stage I,,T1,,,,,,,,,,,,,,,,,,,,,,,,,,,,,,,0,,,,,,,,,,,,NOT HISPANIC OR LATINO,,,,,,,2/4/11,0.2220,,,,,,,,,,,,,Normal,Kidney Clear Cell Renal Carcinoma,,,,No,No,,C64.9,8310/3,C64.9,,,,,,,,YES,1998,,NO,,,,Right,,,,,2,NO,,,,,,,,,,,,,,,,,,,,,,,,CCRCC,,,52.04,1:DECEASED,,3be0bc1d-d81f-4769-b650-8cc8858e45db,813689a4-0413-4ee8-a5ba-79439710bbdb,TCGA-B0-5098.c83bebcf-5746-4269-8966-678b9b6b560a.pdf,c83bebcf-5746-4269-8966-678b9b6b560a,,,,,,,,,,,,,,,Normal,,,,,,,,,,,,,,,NO,,,BLACK OR AFRICAN AMERICAN,,,,,,,,,,,YES,,1,,,Primary,1,,,,,Normal,Female,0.3,Kidney,,,,,,Matched,,,0.9,,,,,,,,,,,,,,,,,,,,,B0,,21.6666666667,,,,,,,,,,,,,,,A,,,Normal,,,,,,,
APC,"Kidney Renal Clear Cell Carcinoma (TCGA, PanCancer Atlas)",TCGA-B0-5098-01,Renal Clear Cell Carcinoma,Renal Clear Cell Carcinoma,R1687Tfs*13,"OncoKB: Likely Oncogenic, level NA, resistance NA;CIViC: NA;CancerHotspot: no;3DHotspot: no",,,MutationAssessor: NA;SIFT: NA;Polyphen-2: NA;AlphaMissense: NA,Frame_Shift_Ins,INS,Diploid,.,.,.,5,112176344,112176345,-,A,5:g.112176344_112176345insA,ENST00000257430.4:c.5058dup,0.30,,29,69,,82,591,16/16,,Pathogenic,,,53,,,,,,,,,,STAGE I,,,,,,6,,,,21,,KIRC,,,,,,,,,,,,,,,,,-19620,,,,0,,,,,,,52.07614163,,,,,Not Hispanic Or Latino,,,,,,,2/4/11,0.2220,,,,AFR_ADMIX,,,,,G3,,,,,,,,,No,,,C64.9,8310/3,C64.9,,,,,,,,Yes,,Yes,,,,,,,,,,,,,,,,,,,,0.6231,19.63,,,,,,,,,,,,,,CCRCC,,,52.07614163,1:DECEASED,,3be0bc1d-d81f-4769-b650-8cc8858e45db,,,,,,M0,NX,,T1,,,,,With Tumor,,52.07614163,0:CENSORED,,,,,No,,,No,,,,,,,,,,,Black or African American,,,22,,,,,,,,,,1,,,Primary,,,,,,,Female,,,,,,,,Matched,,,,,,,,,,,,,KIRC,,48,,,,,,,No,Yes,,B0,19.93333333,,,,,,,,,,Kidney,Kidney Clear Cell Renal Carcinoma,,,,,,,,,40,,,,,
APC,"Kidney Renal Clear Cell Carcinoma (TCGA, PanCancer Atlas)",TCGA-B2-5635-01,Renal Clear Cell Carcinoma,Renal Clear Cell Carcinoma,I1304Kfs*2,"OncoKB: Likely Oncogenic, level NA, resistance NA;CIViC: NA;CancerHotspot: no;3DHotspot: no",,,MutationAssessor: NA;SIFT: NA;Polyphen-2: NA;AlphaMissense: NA,Frame_Shift_Del,DEL,Gain,.,.,.,5,112175197,112175203,GCAAATA,-,5:g.112175197_112175203del,ENST00000257430.4:c.3909_3915del,0.19,,37,159,,182,54,16/16,,,,,74,,,,,,,,,,STAGE I,,,,,,3,,,,-1,,KIRC,,,,,,,,,,,,,,,,755,-27183,,,,0,,24.82164579,0:DiseaseFree,,,,24.82164579,0:ALIVE OR DEAD TUMOR FREE,,,,Not Hispanic Or Latino,,,,,,,3/21/11,,,,,EUR,,,,,G2,,,,,,,,,No,,,C64.9,8310/3,C64.9,,,,,,,,Yes,,Yes,,,,,,,,,,,,,,,,,,,,0.4391,0.15,,,,,,No,,,,,,,,CCRCC,,,24.82164579,0:LIVING,,597c81a3-5820-48b0-9a9c-c45257c7ad70,,,,,,M0,NX,,T1A,,,,,Tumor Free,,24.82164579,0:CENSORED,,,,,No,,,Yes,,,,,,,,,,,White,No,,-8,,,,,,,,,,1,,,Primary,,,,,,,Male,,,,,,,,Matched,,,,,,,,,,,,,KIRC,,3.3,,,,,,,Yes,No,,B2,3.333333333,,,,,,,,,,Kidney,Kidney Clear Cell Renal Carcinoma,,,,,,,,,-22,,,,,
APC,"Renal Non-Clear Cell Carcinoma (Genentech, Nat Genet 2014)",9266932,Renal Cell Carcinoma,Renal Non-Clear Cell Carcinoma,L235*,"OncoKB: Likely Oncogenic, level NA, resistance NA;CIViC: NA;CancerHotspot: no;3DHotspot: no",,,MutationAssessor: NA;SIFT: NA;Polyphen-2: NA;AlphaMissense: NA,Nonsense_Mutation,SNP,,NA,NA,Genentech.Inc,5,112128201,112128201,T,A,5:g.112128201T>A,ENST00000257430.4:c.704T>A,,,,,,,79,7/16,,,,,39,,,,,,,,,,,,,,,,,,,,,,,,,,,,,,,,,,discovery,,,,,,,,,,,,,,,,,,,,,,,,,,,,,,,,,,,,,,,,,,,papillary,,,,,,,,,,,,,,,,,,,,,,,,,,,,,,,,,,,,,,,,,,,,,,,,,,,,,,NCCRCC,,,,,,,,,,,,,,,,,,,,,,,,,Exome,,,,,,,,,,,,,,,,,,,,,,,,,,,,,,1,,,,,,,,,,Female,,,,,,,,Matched,,,,,,,,,,,,,papillary,,,,,,,,,,,,,2.63333333333,,,,,,85,,,,Kidney,,,,,,,,,,,,,,,
APC,"Renal Cell Carcinoma (IMmotion150 Clinical Trial, Nat Med. 2018) - iAtlas Harmonized",p09246,Renal Cell Carcinoma,Renal Cell Carcinoma,T2175Sfs*3,"OncoKB: Likely Oncogenic, level NA, resistance NA;CIViC: NA;CancerHotspot: no;3DHotspot: no",,,MutationAssessor: NA;SIFT: NA;Polyphen-2: NA;AlphaMissense: NA,Frame_Shift_Del,DEL,,NA,NA,.,5,112842110,112842195,GAAAAGTACATTGGAAACTAAAAAGATAGAATCTGAAAGTAAAGGAATCAAAGGAGGAAAAAAAGTTTATAAAAGTTTGATTACTG,-,5:g.112842110_112842195del,,0.06,,3,48,,58,2303,,,,,,,,,,,,,,,,,,,,,,,,,,,Kidney,,,,,,,,TRUE,IV,,,,,,,0,,,,,,,,,,,,,,,,0,,,,,,,,,,,,,1,,,,,,,,,,,,,,,,,,,,,None,None,None,,C4,,54,,,,,,,,,,,,,,,,,,,TRUE,,,,,,,,,,,,,,,,Sunitinib,,,RCC,,,,,,,,,,,,,,,,,,,,,,12.88,1:Progressed,,,,,,,,,,,FALSE,,,,,,,,,,,,,,,,,FALSE,Stable Disease,,,1,,Pre,Metastasis,,,,,,,,,,,,,,133,Matched,,,,,9,,,,,,,,,,,FALSE,TRUE,,,,,,,,,76.7,,,,,,,,,,,,,,,,0,,,,,,,,,
APC,"Wilms' Tumor (TARGET GDC, 2025)",TARGET-50-PAJLNJ-01A,Wilms' Tumor,Wilms' Tumor,I1557*,"OncoKB: Likely Oncogenic, level NA, resistance NA;CIViC: NA;CancerHotspot: no;3DHotspot: no",,,MutationAssessor: NA;SIFT: NA;Polyphen-2: NA;AlphaMissense: NA,Frame_Shift_Del,DEL,,Somatic,NA,BCM,5,112840262,112840263,TA,-,5:g.112840262_112840263del,,0.19,,54,232,,,5,,,,,,18,,,,,,,,,,,,,,,,,,,,,,,,Cancer-Related Death,,,,,,,,,,,,,,,-325,,858,,,,,,,,,,,,,,,,,,,,,,,,,,,,,,,,,,,,,,,,,,,,,,,,,,,,,,,,,,,,,,,,,,,,,,,,,,,,,,,,,,,,,,,,,,WT,,,28.18659658344284,1:DECEASED,,,,,,,,,,,,,,,,,,,,,,,Complex mixed and stromal neoplasms,,,Kidney,,,,,,TARGET-WT,,,,,,White,,,,,,,,,,,,,1,,,,,,,,,,Female,,,,,,,,,,,,sample,,,,,,,,,,,,,,,,,,,,,,0.16666666666666666,,,,,,,,,,,,,,,,,Dead,,,,,,,,
APC,"Renal Clear Cell Carcinoma (TCGA GDC, 2025)",TCGA-B0-5812-01,Renal Clear Cell Carcinoma,Renal Clear Cell Carcinoma,D605N,"OncoKB: Unknown, level NA, resistance NA;CIViC: NA;CancerHotspot: no;3DHotspot: no",,,MutationAssessor: NA;SIFT: NA;Polyphen-2: NA;AlphaMissense: NA,Missense_Mutation,SNP,Gain,Somatic,NA,BI,5,112835020,112835020,G,A,5:g.112835020G>A,,0.15,,21,118,,,34,,,,,,53,,,,,,,,,,,6th,,,,,,Kidney,,,,,,,,,,,,,,,,,,,,,2325,-19600,,,,,,21.30387612,0:DiseaseFree,,Kidney Clear Cell Renal Carcinoma,,,,,,,NOT HISPANIC OR LATINO,,,,,,,,0.0475,,,,,,,,,,,,,,,,,,,,,C64.9,,,,,,,,,,,,,NO,,,,,,,,,,,,,,,,,,8310/3,,,,,,,,,,,,,,,,CCRCC,,,125.9526938239159,0:LIVING,,326745d8-98ca-4f4d-b217-96aea9faa1ad,cf93f61c-9dc8-442a-85fc-c3b181616836,,,,,M0,NX,Stage I,T1b,,,,,,,,,,,,Kidney Clear Cell Renal Carcinoma,,,Kidney,,True,False,,,TCGA-KIRC,Renal Clear Cell Carcinoma,released,,,,WHITE,,,,,,,,,,,,,1,,,Primary Tumor,1,,,,,,Male,,,,,,,,,,,,,,,,,,,,,,,,,,,,,,,,,,1.1333333333333333,,,,,,,,,,,,,,,,,Alive,,,,2003,,,,
APC,"Renal Clear Cell Carcinoma (TCGA GDC, 2025)",TCGA-B8-A54J-01,Renal Clear Cell Carcinoma,Renal Clear Cell Carcinoma,S2300C,"OncoKB: Unknown, level NA, resistance NA;CIViC: NA;CancerHotspot: no;3DHotspot: no",,,MutationAssessor: NA;SIFT: NA;Polyphen-2: NA;AlphaMissense: NA,Missense_Mutation,SNP,Gain,Somatic,NA,BCM,5,112842493,112842493,C,G,5:g.112842493C>G,,0.18,,18,80,,,49,,,,,,60,,,,,,,,,,,7th,,,,,,Kidney,,,,,,,,,,,,,,M0,,,,,,,66,-22071,,,,,,,,,Kidney Clear Cell Renal Carcinoma,,,,,,,NOT HISPANIC OR LATINO,,,,,,,,0.0594,,,,,,,,,,,,,,,,,,,,,C64.9,,,,,,,,,,,,,NO,,,,,,,,,,,,,,,,,,8312/3,,,,,,,,,,,,,,,,CCRCC,,,17.345597897503286,0:LIVING,,09d7ce7a-774e-4784-9c9a-32b766fdb173,8b849e83-cf60-44f4-a955-eacad7f50e8a,,,,,MX,NX,Stage II,T2a,,,,,,,,,,,,Kidney Clear Cell Renal Carcinoma,,,Kidney,,False,False,,,TCGA-KIRC,Renal Clear Cell Carcinoma,released,,,,BLACK OR AFRICAN AMERICAN,,,,,,,,,,,,,1,,,Primary Tumor,1,,,,,,Male,,,,,,,,,,,,,,,,,,,,,,,,,,,,,,,,,,1.6333333333333333,,,,,,,,,,,,,,,,,Alive,,,,2012,,,,
APC,"Renal Clear Cell Carcinoma (TCGA GDC, 2025)",TCGA-CZ-5466-01,Renal Clear Cell Carcinoma,Renal Clear Cell Carcinoma,I2541V,"OncoKB: Unknown, level NA, resistance NA;CIViC: NA;CancerHotspot: no;3DHotspot: no",,,MutationAssessor: NA;SIFT: NA;Polyphen-2: NA;AlphaMissense: NA,Missense_Mutation,SNP,Gain,Somatic,NA,BCM,5,112843215,112843215,A,G,5:g.112843215A>G,,0.15,,19,107,,,50,,,,,,67,,,,,,,,,,,6th,,,,,,Kidney,,,,,,,,,,,,,,,,,,,,,685,-24669,,,,,,,,,Kidney Clear Cell Renal Carcinoma,,,,,,,,,,,,,,,0.2279,,,,,,,,,,,,,,,,,,,,,C64.9,,,,,,,,,,,,,NO,,,,,,,,,,,,,,,,,,8310/3,,,,,,,,,,,,,,,,CCRCC,,,22.503285151116952,0:LIVING,,5722df9f-5631-476d-a11b-b3c1e9a40fbf,694ca445-7bac-4216-acf5-e227650ae973,,,,,M0,NX,Stage III,T3a,,,,,,,,,,,,Kidney Clear Cell Renal Carcinoma,,,Kidney,,False,False,,,TCGA-KIRC,Renal Clear Cell Carcinoma,released,,,,,,,,,,,,,,,,,1,,,Primary Tumor,1,,,,,,Male,,,,,,,,,,,,,,,,,,,,,,,,,,,,,,,,,,1.6666666666666667,,,,,,,,,,,,,,,,,Alive,,,,2007,,,,
APC,"Renal Clear Cell Carcinoma (TCGA GDC, 2025)",TCGA-CZ-5468-01,Renal Clear Cell Carcinoma,Renal Clear Cell Carcinoma,A1884S,"OncoKB: Unknown, level NA, resistance NA;CIViC: NA;CancerHotspot: no;3DHotspot: no",,,MutationAssessor: NA;SIFT: NA;Polyphen-2: NA;AlphaMissense: NA,Missense_Mutation,SNP,Gain,Somatic,NA,BCM,5,112841244,112841244,G,T,5:g.112841244G>T,,0.11,,38,313,,,99,,,,,,84,,,,,,,,,,,,,,,,,Kidney,,,,,,,,,,,,,,,,,,,,,59,-30729,,59,,,,,,,Kidney Clear Cell Renal Carcinoma,,,,,,,NOT HISPANIC OR LATINO,,,,,,,,0.4673,,,,,,,,,,,,,,,,,,,,,C64.9,,,,,,,,,,,,,NO,,,,,,,,,,,,,,,,,,8310/3,,,,,,,,,,,,,,,,CCRCC,,,1.938239159001314,1:DECEASED,,878d1caa-c4d8-4864-888c-310a0c1ee898,12c40818-8704-49a9-8a54-cb85fcd10cfc,,,,,M1,NX,Stage IV,T3b,,,,,,,,,,,,Kidney Clear Cell Renal Carcinoma,,,Kidney,,False,False,,,TCGA-KIRC,Renal Clear Cell Carcinoma,released,,,,WHITE,,,,,,,,,,,,,1,,,Primary Tumor,1,,,,,,Male,,,,,,,,,,,,,,,,,,,,,,,,,,,,,,,,,,3.3,,,,,,,,,,,,,,,,,Dead,,,,2007,,,,
APC,"Renal Clear Cell Carcinoma (UTokyo, Nat Genet 2013)",ccRCC_88,Renal Cell Carcinoma,Renal Clear Cell Carcinoma with Sarcomatoid Features,I1025V,"OncoKB: Unknown, level NA, resistance NA;CIViC: NA;CancerHotspot: no;3DHotspot: no",,,"MutationAssessor: impact: medium, score: 5.709134285863881;SIFT: impact: tolerated_low_confidence, score: 0.07;Polyphen-2: impact: probably_damaging, score: 0.97;AlphaMissense: pathogenicity: benign, score: 0.2181",Missense_Mutation,SNP,,NA,NA,UTokyo,5,112174364,112174364,A,G,5:g.112174364A>G,ENST00000257430.4:c.3073A>G,,,,,,,45,16/16,,Uncertain_significance,,,64,,,,,,,,,,,,,,,,,,,,,,,,,,,,,,,,,,DISCOVERY,,,,,,,,,,,,,,,,,,,,,,,,,,,96,,,,,,,ccA,WXS,,,2,,,,,,,,,,,,,,,,,,,,,,,,,,,,,,,,,,,,,,,,,,,,,,,,,,,,,,,,,,,SCCRCC,,,,,,,,,,,,,,,,,,,,,,,,,,,,,,,,,,,,,,,,,,,,,,,,,,,,,,,1,,,,,,,,,,Male,,,,,,,,Matched,,,,,,,pT1aN0M0,,,,,,,,,,,,,,,,,,,1.5,,,,,,,,,,,,,p.P86R,c.257C>G,,,LIVING,,,,,,,,
APC,"Kidney Renal Clear Cell Carcinoma (BGI, Nat Genet 2012)",K116,Renal Cell Carcinoma,Chromophobe Renal Cell Carcinoma ,D1266G,"OncoKB: Unknown, level NA, resistance NA;CIViC: NA;CancerHotspot: no;3DHotspot: no",,,"MutationAssessor: impact: medium, score: 6.402932366927986;SIFT: impact: tolerated, score: 0.12;Polyphen-2: impact: benign, score: 0.063;AlphaMissense: pathogenicity: pathogenic, score: 0.7544",Missense_Mutation,SNP,,NA,NA,BGI,5,112175088,112175088,A,G,5:g.112175088A>G,ENST00000257430.4:c.3797A>G,,,,,,,4,16/16,,,,,38,,,,,,,,,,,,,,,,,,,,,,,,,,,,,,,,,,Prevalence,,,,,,,,,,,,,,,,,,,,,,,,,,,,,,,,,,,,,,,,,,,,,,,,,,,,,,,,,,,,,,,,,,,,,,,,,,,,,,,,,,,,,,,,,,,,,,,,,CHRCC,,,,,,,,,,,,,,,,,,,,,,,,,,,,,,,,,,,,,,,,,,,,,,,,,,,,,,,1,,,,,,,,,,Male,,,,,,,,Matched,,,,,,,,,,,,,,,,,,,,,,,,,,0.133333333333,T1N0M0,,,,,,,,,,,,,,,,,,,,,,,,
APC,"Kidney Renal Clear Cell Carcinoma (BGI, Nat Genet 2012)",K44,Renal Cell Carcinoma,Chromophobe Renal Cell Carcinoma ,E1151Q,"OncoKB: Unknown, level NA, resistance NA;CIViC: NA;CancerHotspot: no;3DHotspot: no",,,"MutationAssessor: impact: low, score: 4.9051346967279965;SIFT: impact: tolerated_low_confidence, score: 0.34;Polyphen-2: impact: probably_damaging, score: 0.995;AlphaMissense: pathogenicity: benign, score: 0.1673",Missense_Mutation,SNP,,NA,NA,BGI,5,112174742,112174742,G,C,5:g.112174742G>C,ENST00000257430.4:c.3451G>C,,,,,,,58,16/16,,Uncertain_significance,,,48,,,,,,,,,,,,,,,,,,,,,,,,,,,,,,,,,,Discovery,,,,,,,,,,,,,,,,,,,,,,,,,,,,,,,,,,,,,,,,,,,,,,,,,,,,,,,,,,,,,,,,,,,,,,,,,,,,,,,,,,,,,,,,,,,,,,,,,CHRCC,,,,,,,,,,,,,,,,,,,,,,,,,,,,,,,,,,,,,,,,,,,,,,,,,,,,,,,1,,,,,,,,,,Male,,,,,,,,Matched,,,,,,,,,,,,,,,,,,,,,,,,,,1.96666666667,T2N0M0,,,,,,,,,,,,,,,,,,,,,,,,
APC,"Kidney Renal Clear Cell Carcinoma (TCGA, Firehose Legacy)",TCGA-B0-4843-01,Renal Cell Carcinoma,Renal Clear Cell Carcinoma,N2024K,"OncoKB: Unknown, level NA, resistance NA;CIViC: NA;CancerHotspot: no;3DHotspot: no",,,"MutationAssessor: impact: medium, score: 6.402932366927986;SIFT: impact: deleterious, score: 0;Polyphen-2: impact: probably_damaging, score: 0.998;AlphaMissense: pathogenicity: pathogenic, score: 0.9615",Missense_Mutation,SNP,Diploid,Somatic,Untested,hgsc.bcm.edu,5,112177363,112177363,C,G,5:g.112177363C>G,ENST00000257430.4:c.6072C>G,,,,,,,58,16/16,,,,,57,,,,,,M0,,,N0,Stage III,6th,T3a,,,,,,,,,,,,,,,,,,,,,,,,,,,,,,,0,,,,,,,,,,,,NOT HISPANIC OR LATINO,,,,,,,2/8/11,0.0598,,,,,,,,,,,,,Normal,Kidney Clear Cell Renal Carcinoma,,,,No,No,,C64.9,8310/3,C64.9,,,,,,,,YES,2004,,NO,,,,Right,,,,,1.5,NO,,,,,,,,,,,,,,,,,,,,,,,,CCRCC,,,10.51,1:DECEASED,,04004bc7-cc5c-4683-b334-3e14a7c2f384,faa44b90-3705-4d16-9e44-70238892ca13,TCGA-B0-4843.07830949-8cda-428e-9adb-53372831ed9b.pdf,07830949-8cda-428e-9adb-53372831ed9b,,,,,,,,,,,,,,,Normal,,,,,,,,,,,,,,,NO,,,WHITE,,,,,,,,,,,YES,,1,,,Primary,1,,,,,Low,Male,0.3,Kidney,,,,,,Matched,,,1,,,,,,,,,,,,,,,,,,,,,B0,,1.93333333333,,,,,,,,,WITH TUMOR,,,,,,A,,,Normal,,,,,,,
APC,"Kidney Renal Clear Cell Carcinoma (TCGA, Firehose Legacy)",TCGA-B0-5812-01,Renal Cell Carcinoma,Renal Clear Cell Carcinoma,D605N,"OncoKB: Unknown, level NA, resistance NA;CIViC: NA;CancerHotspot: no;3DHotspot: no",,,"MutationAssessor: impact: medium, score: 6.395285287566263;SIFT: impact: tolerated, score: 0.2;Polyphen-2: impact: benign, score: 0.131;AlphaMissense: pathogenicity: ambiguous, score: 0.3715",Missense_Mutation,SNP,Amp,Somatic,Untested,broad.mit.edu;hgsc.bcm.edu;ucsc.edu,5,112170717,112170717,G,A,5:g.112170717G>A,ENST00000257430.4:c.1813G>A,,,,,,,37,15/16,,Uncertain_significance,,,53,,,,,,M0,,,NX,Stage I,6th,T1b,,,,,,,,,,,,,,,,,,,,,,,,,,,,,,,0,,125.95,0:DiseaseFree,,,,,,,,,NOT HISPANIC OR LATINO,,,,,,,6/2/11,0.0475,,,,,,,,,,,,,Low,Kidney Clear Cell Renal Carcinoma,,,,No,Yes,,C64.9,8310/3,C64.9,,,,,,,,YES,2003,,NO,,,,Right,,,,,1,NO,,,,,,,,,,,,,,,,,,,,,,,,CCRCC,,,125.95,0:LIVING,,326745d8-98ca-4f4d-b217-96aea9faa1ad,cf93f61c-9dc8-442a-85fc-c3b181616836,TCGA-B0-5812.2b48a46f-990d-496b-be26-dc53cb94b79e.pdf,2b48a46f-990d-496b-be26-dc53cb94b79e,,,,,,,,,,,,,,,Normal,,,,,,,,,,,,,,,NO,,,WHITE,,,,,,,,,,,YES,,1,,,Primary,1,,,,,Low,Male,0.3,Kidney,,,,,,Matched,,,0.7,,,,,,,,,,,,,,,,,,,,,B0,,1.23333333333,,,,,,,,,TUMOR FREE,,,,,,A,,,Elevated,,,,,,,
APC,"Kidney Renal Clear Cell Carcinoma (TCGA, Firehose Legacy)",TCGA-BP-4170-01,Renal Cell Carcinoma,Renal Clear Cell Carcinoma,D1174G,"OncoKB: Unknown, level NA, resistance NA;CIViC: NA;CancerHotspot: no;3DHotspot: no",,,"MutationAssessor: impact: low, score: 4.71627454323329;SIFT: impact: deleterious_low_confidence, score: 0.04;Polyphen-2: impact: benign, score: 0.332;AlphaMissense: pathogenicity: ambiguous, score: 0.4559",Missense_Mutation,SNP,Diploid,Somatic,Untested,hgsc.bcm.edu;ucsc.edu,5,112174812,112174812,A,G,5:g.112174812A>G,ENST00000257430.4:c.3521A>G,,,,,,,41,16/16,,Uncertain_significance,,,72,,,,,,M0,,,N0,Stage I,,T1b,,,,,,,,,,,,,,,,,,,,,,,,,,,,,,,0,,,,,,,,,,,,HISPANIC OR LATINO,,,,,,,12/21/10,0.1190,,,,,,,,,,,,,Low,Kidney Clear Cell Renal Carcinoma,,,,No,No,,C64.9,8310/3,C64.9,,,,,,,,YES,2003,,NO,,,,Left,,,,,1.7,YES,0,13,,,,,,,,,,,,,,,,,,,,,,CCRCC,,,76.97,1:DECEASED,,83bdd67b-3dfd-458b-aaa1-5a0b051056e8,1e225012-a846-4ed3-80a3-cba2a0513fd9,TCGA-BP-4170.2f591fe7-9e6f-4cd0-97ef-a9a0068289c6.pdf,2f591fe7-9e6f-4cd0-97ef-a9a0068289c6,,,,,,,,,,,,,,,Normal,,,,,,,,,,,,,,,NO,,,WHITE,,,,,,,,,,,YES,,1,,,Primary,1,,,,,Low,Female,0.3,Kidney,,,,,,Matched,,,1.2,,,,,,,,,,,,,,,,,,,,,BP,,1.36666666667,,,,,,,,,TUMOR FREE,,,,,,A,,,Elevated,,,,,,,
APC,"Kidney Renal Clear Cell Carcinoma (TCGA, Firehose Legacy)",TCGA-BP-4354-01,Renal Cell Carcinoma,Renal Clear Cell Carcinoma,R2166L,"OncoKB: Unknown, level NA, resistance NA;CIViC: NA;CancerHotspot: no;3DHotspot: no",,,"MutationAssessor: impact: medium, score: 6.393962535472051;SIFT: impact: deleterious, score: 0;Polyphen-2: impact: possibly_damaging, score: 0.571;AlphaMissense: pathogenicity: pathogenic, score: 0.6281",Missense_Mutation,SNP,Diploid,Somatic,Untested,hgsc.bcm.edu,5,112177788,112177788,G,T,5:g.112177788G>T,ENST00000257430.4:c.6497G>T,,,,,,,22,16/16,,,,,40,,,,,,M1,,,N1,Stage IV,,T4,,,,,,,,,,,,,,,,,,,,,,,,,,,,,,,0,,22.5,1:Recurred/Progressed,,,,,,,,,,,,,,,,12/16/10,0.0004,,,,,,,,,,,,,Low,Kidney Clear Cell Renal Carcinoma,,,,Yes,No,,C64.9,8310/3,C64.9,,,,Normal,,,,YES,2006,,NO,,,,Left,,,,,2.3,YES,1,21,,,,,,,,,,,,,,,,,,,,,,CCRCC,,,33.97,1:DECEASED,,d9208e7b-0b47-43ff-a4e8-d4e591e286c4,d161861c-6e70-48c7-9a1d-87969d7ff473,TCGA-BP-4354.02269feb-d63f-4330-b137-1206532af4d2.pdf,02269feb-d63f-4330-b137-1206532af4d2,,,,,,,,,,,,,,,Normal,,,,,,,,,,,,,,,NO,,,WHITE,,,,,,,,,,,YES,,1,,,Primary,1,,,,,Normal,Male,0.4,Kidney,,,,,,Matched,,,1.4,,,,,,,,,,,,,,,,,,,,,BP,,0.733333333333,,,,,,,,,WITH TUMOR,,,,,,A,,,Normal,,,,,,,
APC,"Kidney Renal Clear Cell Carcinoma (TCGA, Firehose Legacy)",TCGA-CZ-5466-01,Renal Cell Carcinoma,Renal Clear Cell Carcinoma,I2541V,"OncoKB: Unknown, level NA, resistance NA;CIViC: NA;CancerHotspot: no;3DHotspot: no",,,"MutationAssessor: impact: low, score: 3.4640239911249497;SIFT: impact: tolerated, score: 0.99;Polyphen-2: impact: benign, score: 0.003;AlphaMissense: pathogenicity: benign, score: 0.0641",Missense_Mutation,SNP,Gain,Somatic,Valid,broad.mit.edu;hgsc.bcm.edu;ucsc.edu,5,112178912,112178912,A,G,5:g.112178912A>G,ENST00000257430.4:c.7621A>G,,,,,,,60,16/16,,Conflicting_classifications_of_pathogenicity(Uncertain_significance(5)|Benign(1)|Likely_benign(5)),,0.00023,67,,,,,,M0,,,NX,Stage III,6th,T3a,,,,,,,,,,,,,,,,,,,,,,,,,,,,,,,0,,22.5,0:DiseaseFree,,,,,,0,,,,,,,,,,3/11/11,0.2020,,,,,,,,,,,,,Low,Kidney Clear Cell Renal Carcinoma,,,,No,No,,C64.9,8310/3,C64.9,,,,,,,,YES,2007,,NO,,,,Right,,,,,1.6,NO,,,,,,,,,,,,,,,,,,,,,,,,CCRCC,,,22.5,0:LIVING,,5722df9f-5631-476d-a11b-b3c1e9a40fbf,694ca445-7bac-4216-acf5-e227650ae973,TCGA-CZ-5466.a4dfe5b5-27b4-49bb-99aa-87261fe267eb.pdf,a4dfe5b5-27b4-49bb-99aa-87261fe267eb,,,,,,,,,,Preoperative,,,,,Normal,,,,,,,,,,,,,,,NO,,,,,,,,,,,,,,YES,,1,,,Primary,1,,,,,Normal,Male,0.3,Kidney,,,,,,Matched,,,1.2,,,,,,,,,,,,,,,,,,,,,CZ,,2.0,,,,,,,,,TUMOR FREE,,,,,,A,,,Elevated,,,,,,,
APC,"Kidney Renal Clear Cell Carcinoma (TCGA, Firehose Legacy)",TCGA-CZ-5468-01,Renal Cell Carcinoma,Renal Clear Cell Carcinoma,A1884S,"OncoKB: Unknown, level NA, resistance NA;CIViC: NA;CancerHotspot: no;3DHotspot: no",,,"MutationAssessor: impact: low, score: 4.985830043819589;SIFT: impact: tolerated, score: 0.69;Polyphen-2: impact: benign, score: 0;AlphaMissense: pathogenicity: benign, score: 0.0807",Missense_Mutation,SNP,Gain,Somatic,Untested,broad.mit.edu;hgsc.bcm.edu;ucsc.edu,5,112176941,112176941,G,T,5:g.112176941G>T,ENST00000257430.4:c.5650G>T,,,,,,,117,16/16,,,,,84,,,,,,M1,,,NX,Stage IV,,T3b,,,,,,,,,,,,,,,,,,,,,,,,,,,,,,,0,,,,,,,,,,,,NOT HISPANIC OR LATINO,,,,,,,3/11/11,0.4641,,,,,,,,,,,,,Low,Kidney Clear Cell Renal Carcinoma,,,,No,No,,C64.9,8310/3,C64.9,,,,,,,,YES,2007,,NO,,,,Left,,,,,1.7,NO,,,,,,,,,,,,,,,,,,,,,,,,CCRCC,,,1.94,1:DECEASED,,878d1caa-c4d8-4864-888c-310a0c1ee898,12c40818-8704-49a9-8a54-cb85fcd10cfc,TCGA-CZ-5468.05595cc4-53fb-432f-9131-31d60441e358.pdf,05595cc4-53fb-432f-9131-31d60441e358,,,,,,,,,,,,,,,Normal,,,,,,,,,,,,,,,NO,,,WHITE,,,,,,,,,,,YES,,1,,,Primary,1,,,,,Normal,Male,0.2,Kidney,,,,,,Matched,,,1.5,,,,,,,,,,,,,,,,,,,,,CZ,,3.83333333333,,,,,,,,,WITH TUMOR,,,,,,A,,,Normal,,,,,,,
APC,"Kidney Renal Clear Cell Carcinoma (TCGA, PanCancer Atlas)",TCGA-B0-5812-01,Renal Clear Cell Carcinoma,Renal Clear Cell Carcinoma,D605N,"OncoKB: Unknown, level NA, resistance NA;CIViC: NA;CancerHotspot: no;3DHotspot: no",,,"MutationAssessor: impact: medium, score: 6.395285287566263;SIFT: impact: tolerated, score: 0.2;Polyphen-2: impact: benign, score: 0.131;AlphaMissense: pathogenicity: ambiguous, score: 0.3715",Missense_Mutation,SNP,Gain,.,.,.,5,112170717,112170717,G,A,5:g.112170717G>A,ENST00000257430.4:c.1813G>A,0.15,,20,113,,104,43,15/16,,Uncertain_significance,,,53,,,,,,,,,,STAGE I,6TH,,,,,0,,,,3,,KIRC,,,,,,,,,,,,,,,,3834,-19600,,,,0,,126.0479337,0:DiseaseFree,,,,126.0479337,0:ALIVE OR DEAD TUMOR FREE,,,,Not Hispanic Or Latino,,,,,,,6/2/11,0.0475,,,,EUR,,,,,G3,,,,,,,,,No,,,C64.9,8310/3,C64.9,,,,,,,,Yes,,Yes,,,,,,,,,,,,,,,,,,,,0.2857,0.01,,,,,,No,,,,,,,,CCRCC,,,126.0479337,0:LIVING,,326745d8-98ca-4f4d-b217-96aea9faa1ad,,,,,,M0,NX,,T1B,,,,,Tumor Free,,126.0479337,0:CENSORED,,,,,No,,,Yes,,,,,,,,,,,White,No,,-8,,,,,,,,,,1,,,Primary,,,,,,,Male,,,,,,,,Matched,,,,,,,,,,,,,KIRC,,11,,,,,,,No,Yes,,B0,1.433333333,,,,,,,,,,Kidney,Kidney Clear Cell Renal Carcinoma,,,,,,,,,-14,,,,,
APC,"Kidney Renal Clear Cell Carcinoma (TCGA, PanCancer Atlas)",TCGA-B8-A54J-01,Renal Clear Cell Carcinoma,Renal Clear Cell Carcinoma,S2300C,"OncoKB: Unknown, level NA, resistance NA;CIViC: NA;CancerHotspot: no;3DHotspot: no",,,"MutationAssessor: impact: medium, score: 6.396604549545353;SIFT: impact: deleterious, score: 0;Polyphen-2: impact: probably_damaging, score: 0.971;AlphaMissense: pathogenicity: benign, score: 0.2301",Missense_Mutation,SNP,Gain,.,.,.,5,112178190,112178190,C,G,5:g.112178190C>G,ENST00000257430.4:c.6899C>G,0.19,,18,79,,98,56,16/16,,,,,60,,,,,,,,,,STAGE II,7TH,,,,,1,,,,-3,,KIRC,,,,,,,,,,,,,,,,528,-22071,,,,0,,17.35871388,0:DiseaseFree,,,,17.35871388,0:ALIVE OR DEAD TUMOR FREE,,,,Not Hispanic Or Latino,,,,,,,2/27/13,0.0595,,,,AFR_ADMIX,,,,,G2,,,,,,,,,No,,,C64.9,8312/3,C64.9,,,,,,,,Yes,,Yes,,,,,,,,,,,,,,,,,,,,0.3231,0,,,,,,No,,,,,,,,CCRCC,,,17.35871388,0:LIVING,,09D7CE7A-774E-4784-9C9A-32B766FDB173,,,,,,MX,NX,,T2A,,,,,Tumor Free,,17.35871388,0:CENSORED,,,,,No,,,No,,,,,,,,,,,Black or African American,No,,-10,,,,,,,,,,1,,,Primary,,,,,,,Male,,,,,,,,Matched,,,,,,,,,,,,,KIRC,,14,,,,,,,Yes,No,,B8,1.833333333,,,,,,,,,,Kidney,Kidney Clear Cell Renal Carcinoma,,,,,,,,,-20,,,,,
APC,"Kidney Renal Clear Cell Carcinoma (TCGA, PanCancer Atlas)",TCGA-CZ-5466-01,Renal Clear Cell Carcinoma,Renal Clear Cell Carcinoma,I2541V,"OncoKB: Unknown, level NA, resistance NA;CIViC: NA;CancerHotspot: no;3DHotspot: no",,,"MutationAssessor: impact: low, score: 3.4640239911249497;SIFT: impact: tolerated, score: 0.99;Polyphen-2: impact: benign, score: 0.003;AlphaMissense: pathogenicity: benign, score: 0.0641",Missense_Mutation,SNP,Gain,.,.,.,5,112178912,112178912,A,G,5:g.112178912A>G,ENST00000257430.4:c.7621A>G,0.15,,19,105,,98,63,16/16,,Conflicting_classifications_of_pathogenicity(Uncertain_significance(5)|Benign(1)|Likely_benign(5)),,0.00023,67,,,,,,,,,,STAGE III,6TH,,,,,11,,,,15,,KIRC,,,,,,,,,,,,,,,,685,-24669,,,,0,,,,,,,22.52030115,0:ALIVE OR DEAD TUMOR FREE,,,,,,,,,,,3/11/11,0.2020,,,,EUR,,,,,G2,,,,,,,,,No,,,C64.9,8310/3,C64.9,,,,,,,,Yes,,Yes,,,,,,,,,,,,,,,,,,,,0.2933,0.01,,,,,,,,,,,,,,CCRCC,,,22.52030115,0:LIVING,,5722df9f-5631-476d-a11b-b3c1e9a40fbf,,,,,,M0,NX,,T3A,,,,,Tumor Free,,22.52030115,0:CENSORED,,,,,No,,,No,,,,,,,,,,,,,,-4,,,,,,,,,,1,,,Primary,,,,,,,Male,,,,,,,,Matched,,,,,,,,,,,,,KIRC,,10,,,,,,,No,Yes,,CZ,2.1,,,,,,,,,,Kidney,Kidney Clear Cell Renal Carcinoma,,,,,,,,,-6,,,,,
APC,"Kidney Renal Clear Cell Carcinoma (TCGA, PanCancer Atlas)",TCGA-CZ-5468-01,Renal Clear Cell Carcinoma,Renal Clear Cell Carcinoma,A1884S,"OncoKB: Unknown, level NA, resistance NA;CIViC: NA;CancerHotspot: no;3DHotspot: no",,,"MutationAssessor: impact: low, score: 4.985830043819589;SIFT: impact: tolerated, score: 0.69;Polyphen-2: impact: benign, score: 0;AlphaMissense: pathogenicity: benign, score: 0.0807",Missense_Mutation,SNP,Gain,.,.,.,5,112176941,112176941,G,T,5:g.112176941G>T,ENST00000257430.4:c.5650G>T,0.11,,38,299,,304,115,16/16,,,,,84,,,,,,,,,,STAGE IV,,,,,,21,,,,33,,KIRC,,,,,,,,,,,,,,,,59,-30729,,,,0,,,,,,,1.93970477,1:DEAD WITH TUMOR,,,,Not Hispanic Or Latino,,,,,,,3/11/11,0.4641,,,,EUR,,,,,G4,,,,,,,,,No,,,C64.9,8310/3,C64.9,,,,,,,,Yes,,Yes,,,,,,,,,,,,,,,,,,,,0.3081,0.22,,,,,,,,,,,,,,CCRCC,,,1.93970477,1:DECEASED,,878d1caa-c4d8-4864-888c-310a0c1ee898,,,,,,M1,NX,,T3B,,,,,With Tumor,,1.93970477,1:PROGRESSION,,,,,No,,,No,,,,,,,,,,,White,,,2,,,,,,,,,,1,,,Primary,,,,,,,Male,,,,,,,,Matched,,,,,,,,,,,,,KIRC,,76,,,,,,,No,Yes,,CZ,3.866666667,,,,,,,,,,Kidney,Kidney Clear Cell Renal Carcinoma,,,,,,,,,36,,,,,
APC,"Kidney Renal Clear Cell Carcinoma (TCGA, Nature 2013)",TCGA-B0-4843-01,Renal Cell Carcinoma,Renal Clear Cell Carcinoma,N2024K,"OncoKB: Unknown, level NA, resistance NA;CIViC: NA;CancerHotspot: no;3DHotspot: no",,,"MutationAssessor: impact: medium, score: 6.402932366927986;SIFT: impact: deleterious, score: 0;Polyphen-2: impact: probably_damaging, score: 0.998;AlphaMissense: pathogenicity: pathogenic, score: 0.9615",Missense_Mutation,SNP,Diploid,Somatic,Unknown,hgsc.bcm.edu,5,112177363,112177363,C,G,5:g.112177363C>G,ENST00000257430.4:c.6072C>G,,,,,,,60,16/16,,,,,,,,,,,,,,,,,,,,,,,,,,,,,,,,,,,,,,,,,,,,,,,,,,,,,,,,,,,,,,,,,,,,0.0598,,,,,,,,,,,,,,,,,,,,,,,,,,,,,,,,,,,,,,,,,,,,,,,,,,,,,,,,,,,,,,,,,,,,CCRCC,,,10.51,1:DECEASED,,,,,,,,,,,,,,,,,,,,,,,,,,,,,,,,,,,,,,,,,,,,,,,,,,,1,,,Primary,,,,,,,,,,,,,,,Matched,,,,,,,,,,,,,,,,,,,,,,,,,,2.03333333333,,,,,,,,,,,,,,,,,,,,,,,,,
APC,"Kidney Renal Clear Cell Carcinoma (TCGA, Nature 2013)",TCGA-B0-5812-01,Renal Cell Carcinoma,Renal Clear Cell Carcinoma,D605N,"OncoKB: Unknown, level NA, resistance NA;CIViC: NA;CancerHotspot: no;3DHotspot: no",,,"MutationAssessor: impact: medium, score: 6.395285287566263;SIFT: impact: tolerated, score: 0.2;Polyphen-2: impact: benign, score: 0.131;AlphaMissense: pathogenicity: ambiguous, score: 0.3715",Missense_Mutation,SNP,Gain,Somatic,Unknown,broad.mit.edu;hgsc.bcm.edu;ucsc.edu,5,112170717,112170717,G,A,5:g.112170717G>A,ENST00000257430.4:c.1813G>A,,,,,,,37,15/16,,Uncertain_significance,,,,,,,,,,,,,,,,,,,,,,,,,,,,,,,,,,,,,,,,,,,,,,,,,,,,,,,,,,,,,,,,,,0.0475,,,,,,,,,,,,,,,,,,,,,,,,,,,,,,,,,,,,,,,,,,,,,,,,,,,,,,,,,,,,,,,,,,,,CCRCC,,,76.35,0:LIVING,,,,,,,,,,,,,,,,,,,,,,,,,,,,,,,,,,,,,,,,,,,,,,,,,,,1,,,Primary,,,,,,,,,,,,,,,Matched,,,,,,,,,,,,,,,,,,,,,,,,,,1.3,,,,,,,,,,,,,,,,,,,,,,,,,
APC,"Kidney Renal Clear Cell Carcinoma (TCGA, Nature 2013)",TCGA-BP-4170-01,Renal Cell Carcinoma,Renal Clear Cell Carcinoma,D1174G,"OncoKB: Unknown, level NA, resistance NA;CIViC: NA;CancerHotspot: no;3DHotspot: no",,,"MutationAssessor: impact: low, score: 4.71627454323329;SIFT: impact: deleterious_low_confidence, score: 0.04;Polyphen-2: impact: benign, score: 0.332;AlphaMissense: pathogenicity: ambiguous, score: 0.4559",Missense_Mutation,SNP,Diploid,Somatic,Unknown,hgsc.bcm.edu;ucsc.edu,5,112174812,112174812,A,G,5:g.112174812A>G,ENST00000257430.4:c.3521A>G,,,,,,,44,16/16,,Uncertain_significance,,,,,,,,,,,,,,,,,,,,,,,,,,,,,,,,,,,,,,,,,,,,,,,,,,,,,,,,,,,,,,,,,,0.1190,,,,,,,,,,,,,,,,,,,,,,,,,,,,,,,,,,,,,,,,,,,,,,,,,,,,,,,,,,,,,,,,,,,,CCRCC,,,76.98,1:DECEASED,,,,,,,,,,,,,,,,,,,,,,,,,,,,,,,,,,,,,,,,,,,,,,,,,,,1,,,Primary,,,,,,,,,,,,,,,Matched,,,,,,,,,,,,,,,,,,,,,,,,,,1.53333333333,,,,,,,,,,,,,,,,,,,,,,,,,
APC,"Kidney Renal Clear Cell Carcinoma (TCGA, Nature 2013)",TCGA-BP-4354-01,Renal Cell Carcinoma,Renal Clear Cell Carcinoma,R2166L,"OncoKB: Unknown, level NA, resistance NA;CIViC: NA;CancerHotspot: no;3DHotspot: no",,,"MutationAssessor: impact: medium, score: 6.393962535472051;SIFT: impact: deleterious, score: 0;Polyphen-2: impact: possibly_damaging, score: 0.571;AlphaMissense: pathogenicity: pathogenic, score: 0.6281",Missense_Mutation,SNP,Diploid,Somatic,Unknown,hgsc.bcm.edu,5,112177788,112177788,G,T,5:g.112177788G>T,ENST00000257430.4:c.6497G>T,,,,,,,22,16/16,,,,,,,,,,,,,,,,,,,,,,,,,,,,,,,,,,,,,,,,,,,,,,,,,,,,,,,,,,,,,,,,,,,,0.0004,,,,,,,,,,,,,,,,,,,,,,,,,,,,,,,,,,,,,,,,,,,,,,,,,,,,,,,,,,,,,,,,,,,,CCRCC,,,33.97,1:DECEASED,,,,,,,,,,,,,,,,,,,,,,,,,,,,,,,,,,,,,,,,,,,,,,,,,,,1,,,Primary,,,,,,,,,,,,,,,Matched,,,,,,,,,,,,,,,,,,,,,,,,,,0.733333333333,,,,,,,,,,,,,,,,,,,,,,,,,
APC,"Kidney Renal Clear Cell Carcinoma (TCGA, Nature 2013)",TCGA-CZ-5466-01,Renal Cell Carcinoma,Renal Clear Cell Carcinoma,I2541V,"OncoKB: Unknown, level NA, resistance NA;CIViC: NA;CancerHotspot: no;3DHotspot: no",,,"MutationAssessor: impact: low, score: 3.4640239911249497;SIFT: impact: tolerated, score: 0.99;Polyphen-2: impact: benign, score: 0.003;AlphaMissense: pathogenicity: benign, score: 0.0641",Missense_Mutation,SNP,Gain,Somatic,Valid,broad.mit.edu;hgsc.bcm.edu;ucsc.edu,5,112178912,112178912,A,G,5:g.112178912A>G,ENST00000257430.4:c.7621A>G,,,,,,,60,16/16,,Conflicting_classifications_of_pathogenicity(Uncertain_significance(5)|Benign(1)|Likely_benign(5)),,0.00023,,,,,,,,,,,,,,,,,,,,,,,,,,,,,,,,,,,,,,,,,,,,,,,,,,,,,,,,,,,,,,,,0.2020,,,,,,,,,,,,,,,,,,,,,,,,,,,,,,,,,,,,,,,,,,,,,,,,,,,,,,,,,,,,,,,,,,,,CCRCC,,,22.51,0:LIVING,,,,,,,,,,,,,,,,,,,,,,,,,,,,,,,,,,,,,,,,,,,,,,,,,,,1,,,Primary,,,,,,,,,,,,,,,Matched,,,,,,,,,,,,,,,,,,,,,,,,,,2.0,,,,,,,,,,,,,,,,,,,,,,,,,
APC,"Kidney Renal Clear Cell Carcinoma (TCGA, Nature 2013)",TCGA-CZ-5468-01,Renal Cell Carcinoma,Renal Clear Cell Carcinoma,A1884S,"OncoKB: Unknown, level NA, resistance NA;CIViC: NA;CancerHotspot: no;3DHotspot: no",,,"MutationAssessor: impact: low, score: 4.985830043819589;SIFT: impact: tolerated, score: 0.69;Polyphen-2: impact: benign, score: 0;AlphaMissense: pathogenicity: benign, score: 0.0807",Missense_Mutation,SNP,Gain,Somatic,Unknown,broad.mit.edu;hgsc.bcm.edu;ucsc.edu,5,112176941,112176941,G,T,5:g.112176941G>T,ENST00000257430.4:c.5650G>T,,,,,,,120,16/16,,,,,,,,,,,,,,,,,,,,,,,,,,,,,,,,,,,,,,,,,,,,,,,,,,,,,,,,,,,,,,,,,,,,0.4641,,,,,,,,,,,,,,,,,,,,,,,,,,,,,,,,,,,,,,,,,,,,,,,,,,,,,,,,,,,,,,,,,,,,CCRCC,,,1.94,1:DECEASED,,,,,,,,,,,,,,,,,,,,,,,,,,,,,,,,,,,,,,,,,,,,,,,,,,,1,,,Primary,,,,,,,,,,,,,,,Matched,,,,,,,,,,,,,,,,,,,,,,,,,,4.0,,,,,,,,,,,,,,,,,,,,,,,,,
APC,"Kidney Renal Papillary Cell Carcinoma (TCGA, Firehose Legacy)",TCGA-2Z-A9J5-01,Renal Cell Carcinoma,Papillary Renal Cell Carcinoma,S959Y,"OncoKB: Unknown, level NA, resistance NA;CIViC: NA;CancerHotspot: no;3DHotspot: no",,,"MutationAssessor: impact: medium, score: 6.1688836762398696;SIFT: impact: deleterious, score: 0.02;Polyphen-2: impact: benign, score: 0.185;AlphaMissense: pathogenicity: ambiguous, score: 0.3581",Missense_Mutation,SNP,Diploid,Somatic,Untested,hgsc.bcm.edu,5,112174167,112174167,C,A,5:g.112174167C>A,ENST00000257430.4:c.2876C>A,0.29,,43,104,,127,84,16/16,,Uncertain_significance,,,80,,,,Stage II,M0,MX,N0,T2,NX,Stage II,6th,T2,,,,,,,,,,,,,,,,,,,,,,,,,,,,2716,,,0,,100.2,0:DiseaseFree,,,,,,,,,NOT HISPANIC OR LATINO,,,,,,,10/24/14,0.3086,,,,,,,,,,,,171.5,Normal,Kidney Papillary Renal Cell Carcinoma,,,,No,No,,C64.1,8260/3,C64.9,,,,,,,,YES,2006,,NO,,,,Right,,,,,,NO,,,,,,,,,,,,,,,,NO,,,,,,,TRUE,PRCC,,,100.2,0:LIVING,,DA0289C6-FF84-4063-BA99-A0D0A338F6CD,80B459F7-41DF-4FB8-BF7D-6744BBF97E69,TCGA-2Z-A9J5.3A998600-37C3-4597-90D6-F92934879A2B.pdf,3A998600-37C3-4597-90D6-F92934879A2B,,,,,,,,,,,,,,,Normal,,,,,,,,,,,,,,,NO,,,WHITE,,NO,,,,,,,,,YES,,1,90,,Primary,1,,,,,Normal,Male,,Kidney,,32,,,,Matched,,,,,,,,,,,,,,NO,,,,,,,,,,2Z,,2.76666666667,,5,,,,,,,TUMOR FREE,,Type 2,,,,A,,,Normal,105.2,,,,,,
APC,"Kidney Renal Papillary Cell Carcinoma (TCGA, Firehose Legacy)",TCGA-2Z-A9JR-01,Renal Cell Carcinoma,Papillary Renal Cell Carcinoma,D328Y,"OncoKB: Unknown, level NA, resistance NA;CIViC: NA;CancerHotspot: no;3DHotspot: no",,,"MutationAssessor: impact: medium, score: 6.271511669550588;SIFT: impact: deleterious, score: 0;Polyphen-2: impact: probably_damaging, score: 0.978;AlphaMissense: pathogenicity: pathogenic, score: 0.9862",Missense_Mutation,SNP,Gain,Somatic,Untested,hgsc.bcm.edu,5,112154711,112154711,G,T,5:g.112154711G>T,ENST00000257430.4:c.982G>T,0.23,,22,72,,41,44,10/16,,,,,57,,,,Stage I,M0,MX,N0,T1a,NX,Stage I,7th,T1a,,,,,,,,,,,,,,,,,,,,,,,,,,,,434,,,0,,5.29,0:DiseaseFree,,,,,,,,,NOT HISPANIC OR LATINO,,,,,,,10/23/14,0.1398,,,,,,,,,,,,178,Normal,Kidney Papillary Renal Cell Carcinoma,,,,No,No,,C64.1,8260/3,C64.9,,,,,,,,YES,2012,,NO,,,,Right,,,,,,NO,,,,,,,,,,,,,,,,NO,,,,,,,TRUE,PRCC,,,5.29,0:LIVING,,8E5A0FEB-B044-49EF-8CEA-80816E4C5635,E06E821F-AD0C-4F18-AE1F-820966B7CAEF,TCGA-2Z-A9JR.7C79CF14-EF5F-45BF-A84B-14B97F1AC3DE.pdf,7C79CF14-EF5F-45BF-A84B-14B97F1AC3DE,,,,,,,,,,,,,,,Normal,,,,,,,,,,,,,,,NO,,,WHITE,,NO,,,,,,,,,YES,,1,90,,Primary,1,,,,,Normal,Male,,Kidney,,,,,,Matched,,,,,,,,,,,,,,NO,,,,,,,,,,2Z,,1.46666666667,,5,,,,,,,TUMOR FREE,,Type 2,,,,A,,,Normal,80.9,,,,,,
APC,"Kidney Renal Papillary Cell Carcinoma (TCGA, Firehose Legacy)",TCGA-UZ-A9PS-01,Renal Cell Carcinoma,Papillary Renal Cell Carcinoma,H2116Q,"OncoKB: Unknown, level NA, resistance NA;CIViC: NA;CancerHotspot: no;3DHotspot: no",,,"MutationAssessor: impact: medium, score: 6.3972628774877265;SIFT: impact: tolerated, score: 0.13;Polyphen-2: impact: possibly_damaging, score: 0.737;AlphaMissense: pathogenicity: pathogenic, score: 0.696",Missense_Mutation,SNP,Diploid,Somatic,Untested,hgsc.bcm.edu,5,112177639,112177639,T,G,5:g.112177639T>G,ENST00000257430.4:c.6348T>G,0.45,,50,61,,84,126,16/16,,Uncertain_significance,,,62,,,,,M0,MX,,,NX,Stage II,6th,T2,,,,,,,,,,,,,,,,,,,,,,,,,,,,,,,,,1.81,1:Recurred/Progressed,,,,,,,,,NOT HISPANIC OR LATINO,,,,,,,7/7/14,0.1576,,,,,,,,,,,,160,,Kidney Papillary Renal Cell Carcinoma,,,,No,No,,C64.1,8260/3,C64.9,,,,,,,,YES,,,NO,,,,Left,,,,,,NO,,,,,,,,,,,,,,,,,,,,,,,TRUE,PRCC,,,71.19,0:LIVING,,6014F16B-5F3D-43EC-B8A7-7CF99583101A,77417779-6DC1-4E5F-87C5-3051EDE9087C,TCGA-UZ-A9PS.EA2ECCDC-A411-4926-A8E7-7375F329A687.pdf,EA2ECCDC-A411-4926-A8E7-7375F329A687,,,,,,,,,,,,,,,,,,,,,,,,,,,,,,NO,,,BLACK OR AFRICAN AMERICAN,,NO,,,,,,,,,YES,,2,230,,Primary,1,,,,,,Female,,Kidney,,15,1982,1991,,Matched,,,,,,,,,,,,,,NO,,,,,,,,,,UZ,,4.2,,3,,,,,,,TUMOR FREE,,,,,,A,,,,110.9,,,,,,
APC,"Kidney Renal Papillary Cell Carcinoma (TCGA, PanCancer Atlas)",TCGA-2Z-A9J5-01,Renal Non-Clear Cell Carcinoma,Papillary Renal Cell Carcinoma,S959Y,"OncoKB: Unknown, level NA, resistance NA;CIViC: NA;CancerHotspot: no;3DHotspot: no",,,"MutationAssessor: impact: medium, score: 6.1688836762398696;SIFT: impact: deleterious, score: 0.02;Polyphen-2: impact: benign, score: 0.185;AlphaMissense: pathogenicity: ambiguous, score: 0.3581",Missense_Mutation,SNP,Diploid,.,.,.,5,112174167,112174167,C,A,5:g.112174167C>A,ENST00000257430.4:c.2876C>A,0.29,,40,97,,121,90,16/16,,Uncertain_significance,,,80,,,,,,,,,,STAGE II,6TH,,,,,12,,,,9,,KIRP,,,,,,,,,,,,,,,,3050,-29275,,,,0,,,,,,,100.2728737,0:ALIVE OR DEAD TUMOR FREE,,,,Not Hispanic Or Latino,,,,,,,10/24/14,0.3086,,,,EUR,,,,,,,,,,,,,,No,,,C64.1,8260/3,C64.9,,,,,,,,Yes,,Yes,,,,,,,,,,,,,,,,,,,,0.3098,0.01,,,,,,No,,,,,,,,PRCC,,,100.2728737,0:LIVING,,DA0289C6-FF84-4063-BA99-A0D0A338F6CD,,,,,,MX,NX,,T2,,,,,Tumor Free,,100.2728737,0:CENSORED,,,,,No,,,No,,,,,,,,,,,White,No,,-6,,,,,,,,,,1,,,Primary,,,,,,,Male,,,,,,,,Matched,,,,,,,,,,,,,KIRP,,2,,,,,,,No,Yes,,2Z,2.933333333,,,,,,,,,,Kidney,Kidney Papillary Renal Cell Carcinoma,,,,,,,,105.2,-2,,,,,
APC,"Kidney Renal Papillary Cell Carcinoma (TCGA, PanCancer Atlas)",TCGA-2Z-A9JR-01,Renal Non-Clear Cell Carcinoma,Papillary Renal Cell Carcinoma,D328Y,"OncoKB: Unknown, level NA, resistance NA;CIViC: NA;CancerHotspot: no;3DHotspot: no",,,"MutationAssessor: impact: medium, score: 6.271511669550588;SIFT: impact: deleterious, score: 0;Polyphen-2: impact: probably_damaging, score: 0.978;AlphaMissense: pathogenicity: pathogenic, score: 0.9862",Missense_Mutation,SNP,Gain,.,.,.,5,112154711,112154711,G,T,5:g.112154711G>T,ENST00000257430.4:c.982G>T,0.23,,20,67,,39,47,10/16,,,,,57,,,,,,,,,,STAGE I,7TH,,,,,6,,,,-13,,KIRP,,,,,,,,,,,,,,,,161,-20932,,,,0,,,,,,,5.293092678,0:ALIVE OR DEAD TUMOR FREE,,,,Not Hispanic Or Latino,,,,,,,10/23/14,0.1398,,,,EUR,,,,,,,,,,,,,,No,,,C64.1,8260/3,C64.9,,,,,,,,Yes,,Yes,,,,,,,,,,,,,,,,,,,,0.3168,0,,,,,,,,,,,,,,PRCC,,,5.293092678,0:LIVING,,8E5A0FEB-B044-49EF-8CEA-80816E4C5635,,,,,,MX,NX,,T1A,,,,,Tumor Free,,5.293092678,0:CENSORED,,,,,No,,,No,,,,,,,,,,,White,,,-14,,,,,,,,,,1,,,Primary,,,,,,,Male,,,,,,,,Matched,,,,,,,,,,,,,KIRP,,1,,,,,,,No,Yes,,2Z,1.566666667,,,,,,,,,,Kidney,Kidney Papillary Renal Cell Carcinoma,,,,,,,,80.9,-22,,,,,
APC,"Kidney Renal Papillary Cell Carcinoma (TCGA, PanCancer Atlas)",TCGA-P4-A5E8-01,Renal Non-Clear Cell Carcinoma,Papillary Renal Cell Carcinoma,S384I,"OncoKB: Unknown, level NA, resistance NA;CIViC: NA;CancerHotspot: no;3DHotspot: no",,,"MutationAssessor: impact: medium, score: 6.274043320528861;SIFT: impact: deleterious, score: 0;Polyphen-2: impact: probably_damaging, score: 0.972;AlphaMissense: pathogenicity: pathogenic, score: 0.9662",Missense_Mutation,SNP,Diploid,.,.,.,5,112154880,112154880,G,T,5:g.112154880G>T,ENST00000257430.4:c.1151G>T,0.40,,59,90,,154,40,10/16,,Uncertain_significance,,,57,,,,,,,,,,STAGE III,7TH,,,,,6,,,,13,,KIRP,,,,,,,,,,,,,,,,,-21132,,,,0,,,,,,,42.93651576,1:DEAD WITH TUMOR,,,,Not Hispanic Or Latino,,,,,,,5/16/14,0.1473,,,,EUR,,,,,,,,,,,,,,No,,,C64.1,8260/3,C64.9,,,,,,,,Yes,,Yes,,,,,,,,,,,,,,,,,,,,0.2981,0.25,,,,,,Yes,,,,,,,,PRCC,,,42.93651576,1:DECEASED,,87AE9D51-7397-4DCA-87A4-7B0F20321729,,,,,,M0,N1,,T2A,,,,,With Tumor,,1.380806786,1:PROGRESSION,,,,,Yes,,,No,,,,,,,,,,,White,No,,-2,,,,,,,,,,1,,,Primary,,,,,,,Male,,,,,,,,Matched,,,,,,,,,,,,,KIRP,,4,,,,,,,No,Yes,,P4,1.366666667,,,,,,,,,,Kidney,Kidney Papillary Renal Cell Carcinoma,,,,,,,,56.7,18,,,,,
APC,"Kidney Renal Papillary Cell Carcinoma (TCGA, PanCancer Atlas)",TCGA-UZ-A9PS-01,Renal Non-Clear Cell Carcinoma,Papillary Renal Cell Carcinoma,H2116Q,"OncoKB: Unknown, level NA, resistance NA;CIViC: NA;CancerHotspot: no;3DHotspot: no",,,"MutationAssessor: impact: medium, score: 6.3972628774877265;SIFT: impact: tolerated, score: 0.13;Polyphen-2: impact: possibly_damaging, score: 0.737;AlphaMissense: pathogenicity: pathogenic, score: 0.696",Missense_Mutation,SNP,Diploid,.,.,.,5,112177639,112177639,T,G,5:g.112177639T>G,ENST00000257430.4:c.6348T>G,0.46,,49,58,,81,135,16/16,,Uncertain_significance,,,62,,,,,,,,,,STAGE II,6TH,,,,,7,,,,-11,,KIRP,,,,,,,,,,,,,,,,2167,-22646,,,,,,1.808199362,1:Recurred/Progressed,,,,71.24305487,0:ALIVE OR DEAD TUMOR FREE,,,,Not Hispanic Or Latino,,,,,,,7/7/14,0.1576,,,,AFR_ADMIX,,,,,,,,,,,,,,No,,,C64.1,8260/3,C64.9,,,,,,,,Yes,,Yes,,,,,,,,,,,,,,,,,,,,0.3205,0.01,,,,,,Yes,,,,,,,,PRCC,,,71.24305487,0:LIVING,,6014F16B-5F3D-43EC-B8A7-7CF99583101A,,,,,,MX,NX,,T2,,,,,Tumor Free,,1.808199362,1:PROGRESSION,,,,,No,,,No,,,,,,,,,,,Black or African American,No,,-18,,,,,,,,,,1,,,Primary,,,,,,,Female,,,,,,,,Matched,,,,,,,,,,,,,KIRP,,7,,,,,,,No,Yes,,UZ,4.5,,,,,,,,,,Kidney,Kidney Papillary Renal Cell Carcinoma,,,,,,,,110.9,-22,,,,,
APC,"Renal Non-Clear Cell Carcinoma (Genentech, Nat Genet 2014)",19424685,Renal Cell Carcinoma,Renal Non-Clear Cell Carcinoma,D2131Y,"OncoKB: Unknown, level NA, resistance NA;CIViC: NA;CancerHotspot: no;3DHotspot: no",,,"MutationAssessor: impact: medium, score: 6.402064311154398;SIFT: impact: deleterious, score: 0;Polyphen-2: impact: probably_damaging, score: 0.998;AlphaMissense: pathogenicity: pathogenic, score: 0.9829",Missense_Mutation,SNP,,NA,NA,Genentech.Inc,5,112177682,112177682,G,T,5:g.112177682G>T,ENST00000257430.4:c.6391G>T,,,,,,,51,16/16,,,,,,,,,,,,,,,,,,,,,,,,,,,,,,,,,,,,,,,,,,,,,,,,,,,,,,,,,,,,,,,,,,,,,,,,,,,,,,,,,,,,,,,,,,,,,,,,,,,,,,,,,,,,,,,,,,,,,,,,,,,,,,,,,,,,,,,,NCCRCC,,,,,,,,,,,,,,,,,,,,,,,,,Exome,,,,,,,,,,,,,,,,,,,,,,,,,,,,,,2,,,,,,,,,,,,,,,,,,Matched,,,,,,,,,,,,,,,,,,,,,,,,,,1.7,,,,,,,,,,,,,,,,,,,,,,,,,
APC,"Renal Non-Clear Cell Carcinoma (Genentech, Nat Genet 2014)",19424701,Renal Cell Carcinoma,Renal Non-Clear Cell Carcinoma,V1452A,"OncoKB: Unknown, level NA, resistance NA;CIViC: NA;CancerHotspot: no;3DHotspot: no",,,"MutationAssessor: impact: low, score: 3.6943289562882935;SIFT: impact: tolerated, score: 0.53;Polyphen-2: impact: benign, score: 0;AlphaMissense: pathogenicity: benign, score: 0.0978",Missense_Mutation,SNP,,NA,NA,Genentech.Inc,5,112175646,112175646,T,C,5:g.112175646T>C,ENST00000257430.4:c.4355T>C,,,,,,,15,16/16,,,,,49,,,,,,,,,,,,,,,,,,,,,,,,,,,,,,,,,,validation,,,,,,,,,,,,,,,,,,,,,,,,,,,,,,,,,,,,,,,,,,,"chromophobe, classic",,,,,,,,,,,,,,,,,,,,,,,,,,,,,,,,,,,,,,,,,,,,,,,,,,,,,,NCCRCC,,,,,,,,,,,,,,,,,,,,,,,,,Exome,,,,,,,,,,,,,,,,,,,,,,,,,,,,,,1,,,,,,,,,,Male,,,,,,,,Matched,,,,,,,,,,,,,chromophobe,,,,,,,,,,,,,0.533333333333,,,,,,95,,,,Kidney,,,,,,,,,,,,,,,
APC,"Renal Non-Clear Cell Carcinoma (Genentech, Nat Genet 2014)",19424751,Renal Cell Carcinoma,Renal Non-Clear Cell Carcinoma,S2174R,"OncoKB: Unknown, level NA, resistance NA;CIViC: NA;CancerHotspot: no;3DHotspot: no",,,"MutationAssessor: impact: medium, score: 6.391306486729605;SIFT: impact: tolerated, score: 0.17;Polyphen-2: impact: possibly_damaging, score: 0.88;AlphaMissense: pathogenicity: pathogenic, score: 0.8842",Missense_Mutation,SNP,,NA,NA,Genentech.Inc,5,112177813,112177813,T,A,5:g.112177813T>A,ENST00000257430.4:c.6522T>A,,,,,,,30,16/16,,,,,56,,,,,,,,,,,,,,,,,,,,,,,,,,,,,,,,,,validation,,,,,,,,,,,,,,,,,,,,,,,,,,,,,,,,,,,,,,,,,,,translocation,,,,,,,,,,,,,,,,,,,,,,,,,,,,,,,,,,,,,,,,,,,,,,,,,,,,,,NCCRCC,,,,,,,,,,,,,,,,,,,,,,,,,Exome,,,,,,,,,,,,,,,,,,,,,,,,,,,,,,1,,,,,,,,,,Female,,,,,,,,Matched,,,,,,,,,,,,,translocation,,,,,,,,,,,,,1.0,,,,,,80,,,,Kidney,,,,,,,,,,,,,,,
APC,"Papillary Renal Cell Carcinoma (TCGA GDC, 2025)",TCGA-2Z-A9J5-01,Papillary Renal Cell Carcinoma,Papillary Renal Cell Carcinoma,S959Y,"OncoKB: Unknown, level NA, resistance NA;CIViC: NA;CancerHotspot: no;3DHotspot: no",,,MutationAssessor: NA;SIFT: NA;Polyphen-2: NA;AlphaMissense: NA,Missense_Mutation,SNP,Diploid,Somatic,NA,BCM,5,112838470,112838470,C,A,5:g.112838470C>A,,0.29,,41,99,,,80,,,,,,80,,,,,,,,,,,6th,,,,,,Kidney,,,,,,,,,,,,,Stage II,M0,N0,T2,,,,,2861,-29275,,,,,,,,,Kidney Papillary Renal Cell Carcinoma,,,,,,,NOT HISPANIC OR LATINO,,,,,,,,0.2563,,,,,,,,,,,,,,,,,,,,,C64.1,,,,,,,,,,,,,NO,,,,,,,,,,,,,,,,,,8260/3,,,,,,,,,,,,,,,,PRCC,,,100.19710906701708,0:LIVING,,da0289c6-ff84-4063-ba99-a0d0a338f6cd,80b459f7-41df-4fb8-bf7d-6744bbf97e69,,,,,MX,NX,Stage II,T2,,,,,,,,,,,,Kidney Papillary Renal Cell Carcinoma,,,Kidney,,False,False,,,TCGA-KIRP,Papillary Renal Cell Carcinoma,released,,,,WHITE,,,,,,,,,,,,,1,,,Primary Tumor,1,,,,,,Male,,,,32.0,,,,,,,,,,,,,,,,,,,,,,,,,,,,,,2.6,,,,,,,,,,,,,,,,,Alive,,,,2006,,,,
APC,"Papillary Renal Cell Carcinoma (TCGA GDC, 2025)",TCGA-2Z-A9JR-01,Papillary Renal Cell Carcinoma,Papillary Renal Cell Carcinoma,D328Y,"OncoKB: Unknown, level NA, resistance NA;CIViC: NA;CancerHotspot: no;3DHotspot: no",,,MutationAssessor: NA;SIFT: NA;Polyphen-2: NA;AlphaMissense: NA,Missense_Mutation,SNP,Gain,Somatic,NA,BCM,5,112819014,112819014,G,T,5:g.112819014G>T,,0.23,,20,66,,,41,,,,,,57,,,,,,,,,,,7th,,,,,,Kidney,,,,,,,,,,,,,Stage I,M0,N0,T1a,,,,,161,-20932,,,,,,,,,Kidney Papillary Renal Cell Carcinoma,,,,,,,NOT HISPANIC OR LATINO,,,,,,,,0.1405,,,,,,,,,,,,,,,,,,,,,C64.1,,,,,,,,,,,,,NO,,,,,,,,,,,,,,,,,,8260/3,,,,,,,,,,,,,,,,PRCC,,,5.289093298291721,0:LIVING,,8e5a0feb-b044-49ef-8cea-80816e4c5635,e06e821f-ad0c-4f18-ae1f-820966b7caef,,,,,MX,NX,Stage I,T1a,,,,,,,,,,,,Kidney Papillary Renal Cell Carcinoma,,,Kidney,,False,False,,,TCGA-KIRP,Papillary Renal Cell Carcinoma,released,,,,WHITE,,,,,,,,,,,,,1,,,Primary Tumor,1,,,,,,Male,,,,,,,,,,,,,,,,,,,,,,,,,,,,,,,,,,1.3666666666666667,,,,,,,,,,,,,,,,,Alive,,,,2012,,,,
APC,"Papillary Renal Cell Carcinoma (TCGA GDC, 2025)",TCGA-P4-A5E8-01,Papillary Renal Cell Carcinoma,Papillary Renal Cell Carcinoma,S384I,"OncoKB: Unknown, level NA, resistance NA;CIViC: NA;CancerHotspot: no;3DHotspot: no",,,MutationAssessor: NA;SIFT: NA;Polyphen-2: NA;AlphaMissense: NA,Missense_Mutation,SNP,Diploid,Somatic,NA,BCM,5,112819183,112819183,G,T,5:g.112819183G>T,,0.41,,61,89,,,37,,,,,,57,,,,,,,,,,,7th,,,,,,Kidney,,,,,,,,,,,,,Stage III,M0,N1,T3,,,,,,-21132,,1306,,,,50.59670579,0:DiseaseFree,,Kidney Papillary Renal Cell Carcinoma,,,,,,,NOT HISPANIC OR LATINO,,,,,,,,0.1749,,,,,,,,,,,,,,,,,,,,,C64.1,,,,,,,,,,,,,NO,,,,,,,,,,,,,,,,,,8260/3,,,,,,,,,,,,,,,,PRCC,,,42.90407358738502,1:DECEASED,,87ae9d51-7397-4dca-87a4-7b0f20321729,3893b520-0c20-4b15-87a3-38719619d62a,,,,,M0,N1,Stage III,T2a,,,,,,,,,,,,Kidney Papillary Renal Cell Carcinoma,,,Kidney,,False,False,,,TCGA-KIRP,Papillary Renal Cell Carcinoma,released,,,,WHITE,,,,,,,,,,,,,1,,,Primary Tumor,1,,,,,,Male,,,,,,,,,,,,,,,,,,,,,,,,,,,,,,,,,,1.2333333333333334,,,,,,,,,,,,,,,,,Dead,,,,2004,,,,
APC,"Papillary Renal Cell Carcinoma (TCGA GDC, 2025)",TCGA-UZ-A9PS-01,Papillary Renal Cell Carcinoma,Papillary Renal Cell Carcinoma,H2116Q,"OncoKB: Unknown, level NA, resistance NA;CIViC: NA;CancerHotspot: no;3DHotspot: no",,,MutationAssessor: NA;SIFT: NA;Polyphen-2: NA;AlphaMissense: NA,Missense_Mutation,SNP,Diploid,Somatic,NA,BCM,5,112841942,112841942,T,G,5:g.112841942T>G,,0.46,,49,57,,,120,,,,,,62,,,,,,,,,,,6th,,,,,,Kidney,,,,,,,,,,,,,,M0,,,,,,,1585,-22646,,,,,,26.00519446,1:Recurred/Progressed,,Kidney Papillary Renal Cell Carcinoma,,,,,,,NOT HISPANIC OR LATINO,,,,,,,,0.1588,,,,,,,,,,,,,,,,,,,,,C64.1,,,,,,,,,,,,,NO,,,,,,,,,,,,,,,,,,8260/3,,,,,,,,,,,,,,,,PRCC,,,71.1892247043364,0:LIVING,,6014f16b-5f3d-43ec-b8a7-7cf99583101a,77417779-6dc1-4e5f-87c5-3051ede9087c,,,,,MX,NX,Stage II,T2,,,,,,,,,,,,Kidney Papillary Renal Cell Carcinoma,,,Kidney,,False,False,,,TCGA-KIRP,Papillary Renal Cell Carcinoma,released,,,,BLACK OR AFRICAN AMERICAN,,,,,,,,,,,,,2,,,Primary Tumor,1,,,,,,Female,,,9,15.0,,,,,,,,,,,,,,,,,,,,,,,,,,,,,,4.0,,,,,,,,,,,,,,,,,Alive,,,,,,,,
APC,"Renal Cell Carcinoma (CPTAC GDC, 2025)",C3N-01522-01,Renal Cell Carcinoma,Renal Cell Carcinoma,S1068L,"OncoKB: Unknown, level NA, resistance NA;CIViC: NA;CancerHotspot: no;3DHotspot: no",,,MutationAssessor: NA;SIFT: NA;Polyphen-2: NA;AlphaMissense: NA,Missense_Mutation,SNP,Diploid,Somatic,NA,BI,5,112838797,112838797,C,T,5:g.112838797C>T,,0.29,,106,261,,,66,,,,,,80,,,,,,,,,,,,,,,,,,,,,,,,,,,,,,,,,,,,,,,-29350,-5.0,,,,,,,,,,,,,,,,,,,,,,,,,,,,,,,,,,,,,,,,,,,,,,,,,,,,,,,,,,,,,,,,,,,,,,,,,,,,,,,,,,,,,,,,,,,RCC,,,,0:LIVING,,,,,,,,,,,,,,,,,,,,,,,"Adenoma, NOS",,kidney,Kidney,,,,,,CPTAC-3,,,,,,,,,,,,,,,,,,,3,,,,,,,,,,Male,,,,,,,,,,,,sample,,,,,,,,,,,,,,,,,,,,,,2.1666666666666665,,,,,,,,,,,,,,,,,Alive,,,,,,,,
APC,"Renal Cell Carcinoma (CPTAC GDC, 2025)",C3N-01522-02,Renal Cell Carcinoma,Renal Cell Carcinoma,S1068L,"OncoKB: Unknown, level NA, resistance NA;CIViC: NA;CancerHotspot: no;3DHotspot: no",,,MutationAssessor: NA;SIFT: NA;Polyphen-2: NA;AlphaMissense: NA,Missense_Mutation,SNP,Gain,Somatic,NA,BI,5,112838797,112838797,C,T,5:g.112838797C>T,,0.30,,84,200,,,74,,,,,,80,,,,,,,,,,,,,,,,,,,,,,,,,,,,,,,,,,,,,,,-29350,-5.0,,,,,,,,,,,,,,,,,,,,,,,,,,,,,,,,,,,,,,,,,,,,,,,,,,,,,,,,,,,,,,,,,,,,,,,,,,,,,,,,,,,,,,,,,,,RCC,,,,0:LIVING,,,,,,,,,,,,,,,,,,,,,,,"Adenoma, NOS",,kidney,Kidney,,,,,,CPTAC-3,,,,,,,,,,,,,,,,,,,3,,,,,,,,,,Male,,,,,,,,,,,,sample,,,,,,,,,,,,,,,,,,,,,,2.433333333333333,,,,,,,,,,,,,,,,,Alive,,,,,,,,
APC,"Renal Cell Carcinoma (CPTAC GDC, 2025)",C3N-01522-03,Renal Cell Carcinoma,Renal Cell Carcinoma,S1068L,"OncoKB: Unknown, level NA, resistance NA;CIViC: NA;CancerHotspot: no;3DHotspot: no",,,MutationAssessor: NA;SIFT: NA;Polyphen-2: NA;AlphaMissense: NA,Missense_Mutation,SNP,Diploid,Somatic,NA,BI,5,112838797,112838797,C,T,5:g.112838797C>T,,0.06,,17,252,,,32,,,,,,80,,,,,,,,,,,,,,,,,,,,,,,,,,,,,,,,,,,,,,,-29350,-5.0,,,,,,,,,,,,,,,,,,,,,,,,,,,,,,,,,,,,,,,,,,,,,,,,,,,,,,,,,,,,,,,,,,,,,,,,,,,,,,,,,,,,,,,,,,,RCC,,,,0:LIVING,,,,,,,,,,,,,,,,,,,,,,,"Adenoma, NOS",,kidney,Kidney,,,,,,CPTAC-3,,,,,,,,,,,,,,,,,,,3,,,,,,,,,,Male,,,,,,,,,,,,sample,,,,,,,,,,,,,,,,,,,,,,1.0666666666666667,,,,,,,,,,,,,,,,,Alive,,,,,,,,
APC,"Renal Cell Carcinoma (CPTAC GDC, 2025)",C3N-02945-01,Renal Cell Carcinoma,Renal Cell Carcinoma,I2541V,"OncoKB: Unknown, level NA, resistance NA;CIViC: NA;CancerHotspot: no;3DHotspot: no",,,MutationAssessor: NA;SIFT: NA;Polyphen-2: NA;AlphaMissense: NA,Missense_Mutation,SNP,Gain,Somatic,NA,BI,5,112843215,112843215,A,G,5:g.112843215A>G,,0.36,,52,91,,,33,,,,,,66,,,,,,,,,,,,,,,,,,,,,,,,,,,,,,,,,,,,,,,-24182,0.0,,,,,,,,,,,,,,,Non-Hispanic,,,,,,,,,,,,,,,,,,,,,,,,,,,,,,,,,,,,,,,,,,,,,,,,,,,,,,,,,,,,,,,,,,,,,,,,,,,,RCC,,,,0:LIVING,,,,,,,,,,,,,,,,,,,,,,,"Adenoma, NOS",,kidney,Kidney,,,,,,CPTAC-3,,,,,,White,,,,,,,,,,,,,1,,,,,,,,,,Female,,,,,,,,,,,,sample,,,,,,,,,,,,,,,,,,,,,,1.1,,,,,,,,,,,,,,,,,Alive,,,,,,,,
APC,"Renal Cell Carcinoma (IMmotion150 Clinical Trial, Nat Med. 2018) - iAtlas Harmonized",p05544,Renal Cell Carcinoma,Renal Cell Carcinoma,E1886K,"OncoKB: Unknown, level NA, resistance NA;CIViC: NA;CancerHotspot: no;3DHotspot: no",,,MutationAssessor: NA;SIFT: NA;Polyphen-2: NA;AlphaMissense: NA,Missense_Mutation,SNP,,NA,NA,.,5,112841250,112841250,G,A,5:g.112841250G>A,,0.05,,4,75,,65,1823,,,,,,,,,,,,,,,,,,,,,,,,,,,Kidney,,,,,,,,TRUE,IV,,,,,,,3,,,,,,,,,,,,,,,,0,,,,,,,,,,,,,1,,,,,,,,,,,,,,,,,,,,,PD1,Atezolizumab,PD-L1,,C4,,56,,,,,,,,,,,,,,,,,,,TRUE,,,,,,,,,,,,,,,,Bevacizumab,,,RCC,,,,,,,,,,,,,,,,,,,,,,19.91,0:Not_Progressed,,,,,,,,,,,FALSE,,,,,,,,,,,,,,,,,TRUE,Partial Response,,,1,,Pre,Metastasis,,,,,,,,,,,,,,396,Matched,,,,,45,,,,,,,,,,,FALSE,TRUE,,,,,,,,,60.7,,,,,,,,,,,,,,,,0,,,,,,,,,
APC,"Renal Cell Carcinoma (IMmotion150 Clinical Trial, Nat Med. 2018) - iAtlas Harmonized",p26467,Renal Cell Carcinoma,Renal Cell Carcinoma,P1934T,"OncoKB: Unknown, level NA, resistance NA;CIViC: NA;CancerHotspot: no;3DHotspot: no",,,MutationAssessor: NA;SIFT: NA;Polyphen-2: NA;AlphaMissense: NA,Missense_Mutation,SNP,,NA,NA,.,5,112841394,112841394,C,A,5:g.112841394C>A,,0.07,,4,56,,86,1695,,,,,,,,,,,,,,,,,,,,,,,,,,,Kidney,,,,,,,,TRUE,IV,,,,,,,5,,,,,,,,,,,,,,,,0,,,,,,,,,,,,,3,,,,,,,,,,,,,,,,,,,,,PD1,Atezolizumab,PD-L1,,C4,,17,,,,,,,,,,,,,,,,,,,TRUE,,,,,,,,,,,,,,,,,,,RCC,,,,,,,,,,,,,,,,,,,,,,1.41,0:Not_Progressed,,,,,,,,,,,FALSE,,,,,,,,,,,,,,,,,FALSE,Stable Disease,,,1,,Pre,Metastasis,,,,,,,,,,,,,,188,Matched,,,,,88,,,,,,,,,,,FALSE,FALSE,,,,,,,,,56.46666667,,,,,,,,,,,,,,,,0,,,,,,FTQSSKDIPDR,HLA-A34:02,0.18,485.17
APC,"Renal Cell Carcinoma (IMmotion150 Clinical Trial, Nat Med. 2018) - iAtlas Harmonized",p28238,Renal Cell Carcinoma,Renal Cell Carcinoma,A1731D,"OncoKB: Unknown, level NA, resistance NA;CIViC: NA;CancerHotspot: no;3DHotspot: no",,,MutationAssessor: NA;SIFT: NA;Polyphen-2: NA;AlphaMissense: NA,Missense_Mutation,SNP,,NA,NA,.,5,112840786,112840786,C,A,5:g.112840786C>A,,0.07,,4,51,,95,12145,,,,,,,,,,,,,,,,,,,,,,,,,,,Kidney,,,,,,,,TRUE,IV,,,,,,,3,,,,,,,,,,,,,,,,0,,,,,,,,,,,,,0,,,,,,,,,,,,,,,,,,,,,PD1,Atezolizumab,PD-L1,,C4,,5,,,,,,,,,,,,,,,,,,,TRUE,,,,,,,,,,,,,,,,,,,RCC,,,,,,,,,,,,,,,,,,,,,,5.62,0:Not_Progressed,,,,,,,,,,,FALSE,,,,,,,,,,,,,,,,,FALSE,Stable Disease,,,1,,Pre,Metastasis,,,,,,,,,,,,,,0,Matched,,,,,14,,,,,,,,,,,FALSE,TRUE,,,,,,,,,404.3,,,,,,,,,,,,,,,,0,,,,,,,,,
APC,"Renal Cell Carcinoma (IMmotion150 Clinical Trial, Nat Med. 2018) - iAtlas Harmonized",p28238,Renal Cell Carcinoma,Renal Cell Carcinoma,C1263F,"OncoKB: Unknown, level NA, resistance NA;CIViC: NA;CancerHotspot: no;3DHotspot: no",,,MutationAssessor: NA;SIFT: NA;Polyphen-2: NA;AlphaMissense: NA,Missense_Mutation,SNP,,NA,NA,.,5,112839382,112839382,G,T,5:g.112839382G>T,,0.17,,4,20,,53,12145,,,,,,,,,,,,,,,,,,,,,,,,,,,Kidney,,,,,,,,TRUE,IV,,,,,,,3,,,,,,,,,,,,,,,,0,,,,,,,,,,,,,0,,,,,,,,,,,,,,,,,,,,,PD1,Atezolizumab,PD-L1,,C4,,5,,,,,,,,,,,,,,,,,,,TRUE,,,,,,,,,,,,,,,,,,,RCC,,,,,,,,,,,,,,,,,,,,,,5.62,0:Not_Progressed,,,,,,,,,,,FALSE,,,,,,,,,,,,,,,,,FALSE,Stable Disease,,,1,,Pre,Metastasis,,,,,,,,,,,,,,0,Matched,,,,,14,,,,,,,,,,,FALSE,TRUE,,,,,,,,,404.3,,,,,,,,,,,,,,,,0,,,,,,,,,
APC,"Renal Cell Carcinoma (IMmotion150 Clinical Trial, Nat Med. 2018) - iAtlas Harmonized",p28238,Renal Cell Carcinoma,Renal Cell Carcinoma,R2530Q,"OncoKB: Unknown, level NA, resistance NA;CIViC: NA;CancerHotspot: no;3DHotspot: no",,,MutationAssessor: NA;SIFT: NA;Polyphen-2: NA;AlphaMissense: NA,Missense_Mutation,SNP,,NA,NA,.,5,112843183,112843183,G,A,5:g.112843183G>A,,0.06,,2,30,,107,12145,,,,,,,,,,,,,,,,,,,,,,,,,,,Kidney,,,,,,,,TRUE,IV,,,,,,,3,,,,,,,,,,,,,,,,0,,,,,,,,,,,,,0,,,,,,,,,,,,,,,,,,,,,PD1,Atezolizumab,PD-L1,,C4,,5,,,,,,,,,,,,,,,,,,,TRUE,,,,,,,,,,,,,,,,,,,RCC,,,,,,,,,,,,,,,,,,,,,,5.62,0:Not_Progressed,,,,,,,,,,,FALSE,,,,,,,,,,,,,,,,,FALSE,Stable Disease,,,1,,Pre,Metastasis,,,,,,,,,,,,,,0,Matched,,,,,14,,,,,,,,,,,FALSE,TRUE,,,,,,,,,404.3,,,,,,,,,,,,,,,,0,,,,,,,,,
APC,"Renal Cell Carcinoma (IMmotion150 Clinical Trial, Nat Med. 2018) - iAtlas Harmonized",p45459,Renal Cell Carcinoma,Renal Cell Carcinoma,G1339D,"OncoKB: Unknown, level NA, resistance NA;CIViC: NA;CancerHotspot: no;3DHotspot: no",,,MutationAssessor: NA;SIFT: NA;Polyphen-2: NA;AlphaMissense: NA,Missense_Mutation,SNP,,NA,NA,.,5,112839610,112839610,G,A,5:g.112839610G>A,,0.03,,5,151,,111,710,,,,,,,,,,,,,,,,,,,,,,,,,,,Kidney,,,,,,,,TRUE,IV,,,,,,,0,,,,,,,,,,,,,,,,0,,,,,,,,,,,,,1,,,,,,,,,,,,,,,,,,,,,PD1,Atezolizumab,PD-L1,,C4,,8,,,,,,,,,,,,,,,,,,,TRUE,,,,,,,,,,,,,,,,,,,RCC,,,,,,,,,,,,,,,,,,,,,,10.91,0:Not_Progressed,,,,,,,,,,,FALSE,,,,,,,,,,,,,,,,,FALSE,Stable Disease,,,1,,Pre,Metastasis,,,,,,,,,,,,,,377,Matched,,,,,11,,,,,,,,,,,FALSE,FALSE,,,,,,,,,23.63333333,,,,,,,,,,,,,,,,0,,,,,,,,,
APC,"Renal Cell Carcinoma (IMmotion150 Clinical Trial, Nat Med. 2018) - iAtlas Harmonized",p54120,Renal Cell Carcinoma,Renal Cell Carcinoma,S583L,"OncoKB: Unknown, level NA, resistance NA;CIViC: NA;CancerHotspot: no;3DHotspot: no",,,MutationAssessor: NA;SIFT: NA;Polyphen-2: NA;AlphaMissense: NA,Missense_Mutation,SNP,,NA,NA,.,5,112834955,112834955,C,T,5:g.112834955C>T,,0.15,,4,23,,22,2765,,,,,,,,,,,,,,,,,,,,,,,,,,,Kidney,,,,,,,,TRUE,IV,,,,,,,5,,,,,,,,,,,,,,,,0,,,,,,,,,,,,,0,,,,,,,,,,,,,,,,,,,,,PD1,Atezolizumab,PD-L1,,C4,,240,,,,,,,,,,,,,,,,,,,TRUE,,,,,,,,,,,,,,,,Bevacizumab,,,RCC,,,,,,,,,,,,,,,,,,,,,,25.92,0:Not_Progressed,,,,,,,,,,,FALSE,,,,,,,,,,,,,,,,,TRUE,Complete Response,,,1,,Pre,Metastasis,,,,,,,,,,,,,,258,Matched,,,,,90,,,,,,,,,,,FALSE,FALSE,,,,,,,,,91.9,,,,,,,,,,,,,,,,0,,,,,,,,,
APC,"Renal Cell Carcinoma (IMmotion150 Clinical Trial, Nat Med. 2018) - iAtlas Harmonized",p56237,Renal Cell Carcinoma,Renal Cell Carcinoma,Q233L,"OncoKB: Unknown, level NA, resistance NA;CIViC: NA;CancerHotspot: no;3DHotspot: no",,,MutationAssessor: NA;SIFT: NA;Polyphen-2: NA;AlphaMissense: NA,Missense_Mutation,SNP,,NA,NA,.,5,112792498,112792498,A,T,5:g.112792498A>T,,0.20,,64,249,,41,181,,,,,,,,,,,,,,,,,,,,,,,,,,,Kidney,,,,,,,,FALSE,IV,,,,,,,2,,,,,,,,,,,,,,,,0,,,,,,,,,,,,,4,,,,,,,,,,,,,,,,,,,,,PD1,Atezolizumab,PD-L1,,C4,,7,,,,,,,,,,,,,,,,,,,TRUE,,,,,,,,,,,,,,,,,,,RCC,,,,,,,,,,,,,,,,,,,,,,2.63,1:Progressed,,,,,,,,,,,TRUE,,,,,,,,,,,,,,,,,FALSE,Progressive Disease,,,1,,Pre,Metastasis,,,,,,,,,,,,,,42,Matched,,,,,22,,,,,,,,,,,FALSE,FALSE,,,,,,,,,6,,,,,,,,,,,,,,,,0,,,,,,IEKDILRIRL,HLA-B37:01,0.6,79.14
APC,"Renal Cell Carcinoma (IMmotion150 Clinical Trial, Nat Med. 2018) - iAtlas Harmonized",p61622,Renal Cell Carcinoma,Renal Cell Carcinoma,A1884E,"OncoKB: Unknown, level NA, resistance NA;CIViC: NA;CancerHotspot: no;3DHotspot: no",,,MutationAssessor: NA;SIFT: NA;Polyphen-2: NA;AlphaMissense: NA,Missense_Mutation,SNP,,NA,NA,.,5,112841245,112841245,C,A,5:g.112841245C>A,,0.13,,4,26,,58,17005,,,,,,,,,,,,,,,,,,,,,,,,,,,Kidney,,,,,,,,TRUE,IV,,,,,,,1,,,,,,,,,,,,,,,,0,,,,,,,,,,,,,5,,,,,,,,,,,,,,,,,,,,,PD1,Atezolizumab,PD-L1,,C4,,178,,,,,,,,,,,,,,,,,,,TRUE,,,,,,,,,,,,,,,,Bevacizumab,,,RCC,,,,,,,,,,,,,,,,,,,,,,26.31,0:Not_Progressed,,,,,,,,,,,FALSE,,,,,,,,,,,,,,,,,FALSE,Stable Disease,,,1,,Pre,Metastasis,,,,,,,,,,,,,,0,Matched,,,,,209,,,,,,,,,,,FALSE,TRUE,,,,,,,,,565.9,,,,,,,,,,,,,,,,0,,,,,,,,,
APC,"Renal Cell Carcinoma (IMmotion150 Clinical Trial, Nat Med. 2018) - iAtlas Harmonized",p61622,Renal Cell Carcinoma,Renal Cell Carcinoma,G2672A,"OncoKB: Unknown, level NA, resistance NA;CIViC: NA;CancerHotspot: no;3DHotspot: no",,,MutationAssessor: NA;SIFT: NA;Polyphen-2: NA;AlphaMissense: NA,Missense_Mutation,SNP,,NA,NA,.,5,112843609,112843609,G,C,5:g.112843609G>C,,0.05,,2,38,,141,17005,,,,,,,,,,,,,,,,,,,,,,,,,,,Kidney,,,,,,,,TRUE,IV,,,,,,,1,,,,,,,,,,,,,,,,0,,,,,,,,,,,,,5,,,,,,,,,,,,,,,,,,,,,PD1,Atezolizumab,PD-L1,,C4,,178,,,,,,,,,,,,,,,,,,,TRUE,,,,,,,,,,,,,,,,Bevacizumab,,,RCC,,,,,,,,,,,,,,,,,,,,,,26.31,0:Not_Progressed,,,,,,,,,,,FALSE,,,,,,,,,,,,,,,,,FALSE,Stable Disease,,,1,,Pre,Metastasis,,,,,,,,,,,,,,0,Matched,,,,,209,,,,,,,,,,,FALSE,TRUE,,,,,,,,,565.9,,,,,,,,,,,,,,,,0,,,,,,,,,
APC,"Renal Cell Carcinoma (IMmotion150 Clinical Trial, Nat Med. 2018) - iAtlas Harmonized",p61622,Renal Cell Carcinoma,Renal Cell Carcinoma,Q1228K,"OncoKB: Unknown, level NA, resistance NA;CIViC: NA;CancerHotspot: no;3DHotspot: no",,,MutationAssessor: NA;SIFT: NA;Polyphen-2: NA;AlphaMissense: NA,Missense_Mutation,SNP,,NA,NA,.,5,112839276,112839276,C,A,5:g.112839276C>A,,0.06,,2,33,,113,17005,,,,,,,,,,,,,,,,,,,,,,,,,,,Kidney,,,,,,,,TRUE,IV,,,,,,,1,,,,,,,,,,,,,,,,0,,,,,,,,,,,,,5,,,,,,,,,,,,,,,,,,,,,PD1,Atezolizumab,PD-L1,,C4,,178,,,,,,,,,,,,,,,,,,,TRUE,,,,,,,,,,,,,,,,Bevacizumab,,,RCC,,,,,,,,,,,,,,,,,,,,,,26.31,0:Not_Progressed,,,,,,,,,,,FALSE,,,,,,,,,,,,,,,,,FALSE,Stable Disease,,,1,,Pre,Metastasis,,,,,,,,,,,,,,0,Matched,,,,,209,,,,,,,,,,,FALSE,TRUE,,,,,,,,,565.9,,,,,,,,,,,,,,,,0,,,,,,,,,
APC,"Renal Cell Carcinoma (IMmotion150 Clinical Trial, Nat Med. 2018) - iAtlas Harmonized",p61622,Renal Cell Carcinoma,Renal Cell Carcinoma,S2497L,"OncoKB: Unknown, level NA, resistance NA;CIViC: NA;CancerHotspot: no;3DHotspot: no",,,MutationAssessor: NA;SIFT: NA;Polyphen-2: NA;AlphaMissense: NA,Missense_Mutation,SNP,,NA,NA,.,5,112843084,112843084,C,T,5:g.112843084C>T,,0.19,,4,17,,82,17005,,,,,,,,,,,,,,,,,,,,,,,,,,,Kidney,,,,,,,,TRUE,IV,,,,,,,1,,,,,,,,,,,,,,,,0,,,,,,,,,,,,,5,,,,,,,,,,,,,,,,,,,,,PD1,Atezolizumab,PD-L1,,C4,,178,,,,,,,,,,,,,,,,,,,TRUE,,,,,,,,,,,,,,,,Bevacizumab,,,RCC,,,,,,,,,,,,,,,,,,,,,,26.31,0:Not_Progressed,,,,,,,,,,,FALSE,,,,,,,,,,,,,,,,,FALSE,Stable Disease,,,1,,Pre,Metastasis,,,,,,,,,,,,,,0,Matched,,,,,209,,,,,,,,,,,FALSE,TRUE,,,,,,,,,565.9,,,,,,,,,,,,,,,,0,,,,,,,,,
APC,"Renal Cell Carcinoma (IMmotion150 Clinical Trial, Nat Med. 2018) - iAtlas Harmonized",p69561,Renal Cell Carcinoma,Renal Cell Carcinoma,Y997C,"OncoKB: Unknown, level NA, resistance NA;CIViC: NA;CancerHotspot: no;3DHotspot: no",,,MutationAssessor: NA;SIFT: NA;Polyphen-2: NA;AlphaMissense: NA,Missense_Mutation,SNP,,NA,NA,.,5,112838584,112838584,A,G,5:g.112838584A>G,,0.02,,8,336,,36,224,,,,,,,,,,,,,,,,,,,,,,,,,,,Kidney,,,,,,,,TRUE,IV,,,,,,,5,,,,,,,,,,,,,,,,0,,,,,,,,,,,,,4,,,,,,,,,,,,,,,,,,,,,PD1,Atezolizumab,PD-L1,,C4,,4,,,,,,,,,,,,,,,,,,,TRUE,,,,,,,,,,,,,,,,Bevacizumab,,,RCC,,,,,,,,,,,,,,,,,,,,,,27.63,0:Not_Progressed,,,,,,,,,,,FALSE,,,,,,,,,,,,,,,,,TRUE,Complete Response,,,1,,Pre,Metastasis,,,,,,,,,,,,,,63,Matched,,,,,36,,,,,,,,,,,FALSE,TRUE,,,,,,,,,7.4,,,,,,,,,,,,,,,,0,,,,,,DESKFCSCGQY,HLA-B44:02,0.26,284.9
APC,"Renal Cell Carcinoma (IMmotion150 Clinical Trial, Nat Med. 2018) - iAtlas Harmonized",p71390,Renal Cell Carcinoma,Renal Cell Carcinoma,T1493M,"OncoKB: Unknown, level NA, resistance NA;CIViC: NA;CancerHotspot: no;3DHotspot: no",,,MutationAssessor: NA;SIFT: NA;Polyphen-2: NA;AlphaMissense: NA,Missense_Mutation,SNP,,NA,NA,.,5,112840072,112840072,C,T,5:g.112840072C>T,,0.01,,8,562,,139,142,,,,,,,,,,,,,,,,,,,,,,,,,,,Kidney,,,,,,,,TRUE,IV,,,,,,,4,,,,,,,,,,,,,,,,0,,,,,,,,,,,,,1,,,,,,,,,,,,,,,,,,,,,None,None,None,,C4,,2,,,,,,,,,,,,,,,,,,,TRUE,,,,,,,,,,,,,,,,Sunitinib,,,RCC,,,,,,,,,,,,,,,,,,,,,,28.68,0:Not_Progressed,,,,,,,,,,,FALSE,,,,,,,,,,,,,,,,,TRUE,Partial Response,,,1,,Pre,Metastasis,,,,,,,,,,,,,,33,Matched,,,,,29,,,,,,,,,,,FALSE,TRUE,,,,,,,,,4.7,,,,,,,,,,,,,,,,0,,,,,,,,,
APC,"Renal Cell Carcinoma (IMmotion150 Clinical Trial, Nat Med. 2018) - iAtlas Harmonized",p71514,Renal Cell Carcinoma,Renal Cell Carcinoma,A608G,"OncoKB: Unknown, level NA, resistance NA;CIViC: NA;CancerHotspot: no;3DHotspot: no",,,MutationAssessor: NA;SIFT: NA;Polyphen-2: NA;AlphaMissense: NA,Missense_Mutation,SNP,,NA,NA,.,5,112835030,112835030,C,G,5:g.112835030C>G,,0.04,,2,51,,81,2993,,,,,,,,,,,,,,,,,,,,,,,,,,,Kidney,,,,,,,,TRUE,IV,,,,,,,5,,,,,,,,,,,,,,,,0,,,,,,,,,,,,,4,,,,,,,,,,,,,,,,,,,,,PD1,Atezolizumab,PD-L1,,C4,,63,,,,,,,,,,,,,,,,,,,TRUE,,,,,,,,,,,,,,,,Bevacizumab,,,RCC,,,,,,,,,,,,,,,,,,,,,,8.31,1:Progressed,,,,,,,,,,,FALSE,,,,,,,,,,,,,,,,,FALSE,Stable Disease,,,1,,Pre,Metastasis,,,,,,,,,,,,,,209,Matched,,,,,44,,,,,,,,,,,FALSE,TRUE,,,,,,,,,99.7,,,,,,,,,,,,,,,,0,,,,,,,,,
APC,"Renal Cell Carcinoma (IMmotion150 Clinical Trial, Nat Med. 2018) - iAtlas Harmonized",p71514,Renal Cell Carcinoma,Renal Cell Carcinoma,S2830N,"OncoKB: Unknown, level NA, resistance NA;CIViC: NA;CancerHotspot: no;3DHotspot: no",,,MutationAssessor: NA;SIFT: NA;Polyphen-2: NA;AlphaMissense: NA,Missense_Mutation,SNP,,NA,NA,.,5,112844083,112844083,G,A,5:g.112844083G>A,,0.10,,4,37,,37,2993,,,,,,,,,,,,,,,,,,,,,,,,,,,Kidney,,,,,,,,TRUE,IV,,,,,,,5,,,,,,,,,,,,,,,,0,,,,,,,,,,,,,4,,,,,,,,,,,,,,,,,,,,,PD1,Atezolizumab,PD-L1,,C4,,63,,,,,,,,,,,,,,,,,,,TRUE,,,,,,,,,,,,,,,,Bevacizumab,,,RCC,,,,,,,,,,,,,,,,,,,,,,8.31,1:Progressed,,,,,,,,,,,FALSE,,,,,,,,,,,,,,,,,FALSE,Stable Disease,,,1,,Pre,Metastasis,,,,,,,,,,,,,,209,Matched,,,,,44,,,,,,,,,,,FALSE,TRUE,,,,,,,,,99.7,,,,,,,,,,,,,,,,0,,,,,,,,,
APC,"Renal Cell Carcinoma (IMmotion150 Clinical Trial, Nat Med. 2018) - iAtlas Harmonized",p77021,Renal Cell Carcinoma,Renal Cell Carcinoma,K516N,"OncoKB: Unknown, level NA, resistance NA;CIViC: NA;CancerHotspot: no;3DHotspot: no",,,MutationAssessor: NA;SIFT: NA;Polyphen-2: NA;AlphaMissense: NA,Missense_Mutation,SNP,,NA,NA,.,5,112827247,112827247,G,T,5:g.112827247G>T,,0.05,,8,138,,38,1037,,,,,,,,,,,,,,,,,,,,,,,,,,,Kidney,,,,,,,,FALSE,IV,,,,,,,8,,,,,,,,,,,,,,,,0,,,,,,,,,,,,,4,,,,,,,,,,,,,,,,,,,,,None,None,None,,C4,,122,,,,,,,,,,,,,,,,,,,TRUE,,,,,,,,,,,,,,,,Sunitinib,,,RCC,,,,,,,,,,,,,,,,,,,,,,2.56,1:Progressed,,,,,,,,,,,TRUE,,,,,,,,,,,,,,,,,FALSE,Progressive Disease,,,1,,Pre,Metastasis,,,,,,,,,,,,,,355,Matched,,,,,53,,,,,,,,,,,FALSE,TRUE,,,,,,,,,34.4,,,,,,,,,,,,,,,,0,,,,,,,,,
APC,"Renal Cell Carcinoma (IMmotion150 Clinical Trial, Nat Med. 2018) - iAtlas Harmonized",p81830,Renal Cell Carcinoma,Renal Cell Carcinoma,A1402T,"OncoKB: Unknown, level NA, resistance NA;CIViC: NA;CancerHotspot: no;3DHotspot: no",,,MutationAssessor: NA;SIFT: NA;Polyphen-2: NA;AlphaMissense: NA,Missense_Mutation,SNP,,NA,NA,.,5,112839798,112839798,G,A,5:g.112839798G>A,,0.06,,5,85,,41,127,,,,,,,,,,,,,,,,,,,,,,,,,,,Kidney,,,,,,,,,IV,,,,,,,2,,,,,,,,,,,,,,,,0,,,,,,,,,,,,,0,,,,,,,,,,,,,,,,,,,,,PD1,Atezolizumab,PD-L1,,C4,,3,,,,,,,,,,,,,,,,,,,TRUE,,,,,,,,,,,,,,,,Bevacizumab,,,RCC,,,,,,,,,,,,,,,,,,,,,,13.83,1:Progressed,,,,,,,,,,,,,,,,,,,,,,,,,,,,,,,,1,,Pre,Metastasis,,,,,,,,,,,,,,59,Matched,,,,,109,,,,,,,,,,,FALSE,FALSE,,,,,,,,,4.166666667,,,,,,,,,,,,,,,,0,,,,,,,,,
APC,"Renal Cell Carcinoma (IMmotion150 Clinical Trial, Nat Med. 2018) - iAtlas Harmonized",p83425,Renal Cell Carcinoma,Renal Cell Carcinoma,S280P,"OncoKB: Unknown, level NA, resistance NA;CIViC: NA;CancerHotspot: no;3DHotspot: no",,,MutationAssessor: NA;SIFT: NA;Polyphen-2: NA;AlphaMissense: NA,Missense_Mutation,SNP,,NA,NA,.,5,112815498,112815498,T,C,5:g.112815498T>C,,0.19,,21,88,,93,351,,,,,,,,,,,,,,,,,,,,,,,,,,,Kidney,,,,,,,,FALSE,IV,,,,,,,3,,,,,,,,,,,,,,,,0,,,,,,,,,,,,,2,,,,,,,,,,,,,,,,,,,,,PD1,Atezolizumab,PD-L1,,C4,,5,,,,,,,,,,,,,,,,,,,TRUE,,,,,,,,,,,,,,,,Bevacizumab,,,RCC,,,,,,,,,,,,,,,,,,,,,,3.02,1:Progressed,,,,,,,,,,,TRUE,,,,,,,,,,,,,,,,,FALSE,Progressive Disease,,,1,,Pre,Metastasis,,,,,,,,,,,,,,30,Matched,,,,,35,,,,,,,,,,,FALSE,FALSE,,,,,,,,,11.7,,,,,,,,,,,,,,,,0,,,,,,,,,
APC,"Renal Cell Carcinoma (IMmotion150 Clinical Trial, Nat Med. 2018) - iAtlas Harmonized",p87557,Renal Cell Carcinoma,Renal Cell Carcinoma,M891I,"OncoKB: Unknown, level NA, resistance NA;CIViC: NA;CancerHotspot: no;3DHotspot: no",,,MutationAssessor: NA;SIFT: NA;Polyphen-2: NA;AlphaMissense: NA,Missense_Mutation,SNP,,NA,NA,.,5,112838267,112838267,G,T,5:g.112838267G>T,,0.07,,4,51,,123,2209,,,,,,,,,,,,,,,,,,,,,,,,,,,Kidney,,,,,,,,TRUE,IV,,,,,,,4,,,,,,,,,,,,,,,,0,,,,,,,,,,,,,1,,,,,,,,,,,,,,,,,,,,,None,None,None,,C4,,4,,,,,,,,,,,,,,,,,,,TRUE,,,,,,,,,,,,,,,,Sunitinib,,,RCC,,,,,,,,,,,,,,,,,,,,,,5.35,0:Not_Progressed,,,,,,,,,,,FALSE,,,,,,,,,,,,,,,,,TRUE,Partial Response,,,1,,Pre,Metastasis,,,,,,,,,,,,,,171,Matched,,,,,22,,,,,,,,,,,FALSE,FALSE,,,,,,,,,73.56666667,,,,,,,,,,,,,,,,0,,,,,,,,,
APC,"Renal Cell Carcinoma (IMmotion150 Clinical Trial, Nat Med. 2018) - iAtlas Harmonized",p97816,Renal Cell Carcinoma,Renal Cell Carcinoma,Q2704K,"OncoKB: Unknown, level NA, resistance NA;CIViC: NA;CancerHotspot: no;3DHotspot: no",,,MutationAssessor: NA;SIFT: NA;Polyphen-2: NA;AlphaMissense: NA,Missense_Mutation,SNP,,NA,NA,.,5,112843704,112843704,C,A,5:g.112843704C>A,,0.04,,2,51,,194,677,,,,,,,,,,,,,,,,,,,,,,,,,,,Kidney,,,,,,,,TRUE,IV,,,,,,,1,,,,,,,,,,,,,,,,0,,,,,,,,,,,,,2,,,,,,,,,,,,,,,,,,,,,PD1,Atezolizumab,PD-L1,,C4,,3,,,,,,,,,,,,,,,,,,,TRUE,,,,,,,,,,,,,,,,Bevacizumab,,,RCC,,,,,,,,,,,,,,,,,,,,,,8.11,0:Not_Progressed,,,,,,,,,,,FALSE,,,,,,,,,,,,,,,,,TRUE,Partial Response,,,1,,Pre,Metastasis,,,,,,,,,,,,,,50,Matched,,,,,31,,,,,,,,,,,FALSE,FALSE,,,,,,,,,22.5,,,,,,,,,,,,,,,,0,,,,,,,,,
APC,"Renal Cell Carcinoma (IMmotion150 Clinical Trial, Nat Med. 2018) - iAtlas Harmonized",p98987,Renal Cell Carcinoma,Renal Cell Carcinoma,C1249F,"OncoKB: Unknown, level NA, resistance NA;CIViC: NA;CancerHotspot: no;3DHotspot: no",,,MutationAssessor: NA;SIFT: NA;Polyphen-2: NA;AlphaMissense: NA,Missense_Mutation,SNP,,NA,NA,.,5,112839340,112839340,G,T,5:g.112839340G>T,,0.03,,5,189,,98,155,,,,,,,,,,,,,,,,,,,,,,,,,,,Kidney,,,,,,,,TRUE,IV,,,,,,,1,,,,,,,,,,,,,,,,0,,,,,,,,,,,,,1,,,,,,,,,,,,,,,,,,,,,PD1,Atezolizumab,PD-L1,,C4,,4,,,,,,,,,,,,,,,,,,,TRUE,,,,,,,,,,,,,,,,Bevacizumab,,,RCC,,,,,,,,,,,,,,,,,,,,,,5.55,1:Progressed,,,,,,,,,,,FALSE,,,,,,,,,,,,,,,,,FALSE,Stable Disease,,,1,,Pre,Metastasis,,,,,,,,,,,,,,52,Matched,,,,,54,,,,,,,,,,,FALSE,FALSE,,,,,,,,,5.133333333,,,,,,,,,,,,,,,,0,,,,,,,,,
